plant,pollinator,lat_bin,lon_bin,overlap
Asclepias syriaca,Bombus ternarius,45.0,-94.5,0.19975728155339806
Asclepias syriaca,Bombus ternarius,40.5,-79.5,0.4
Asclepias syriaca,Bombus ternarius,45.0,-85.5,0.27530864197530863
Asclepias syriaca,Bombus ternarius,40.5,-76.5,0.25050709939148075
Asclepias syriaca,Bombus ternarius,43.5,-93.0,0.15362318840579708
Asclepias syriaca,Bombus ternarius,42.0,-78.0,0.23076923076923078
Asclepias syriaca,Bombus ternarius,43.5,-87.0,0.32386363636363635
Asclepias syriaca,Bombus ternarius,43.5,-90.0,0.2909663865546218
Asclepias syriaca,Bombus ternarius,46.5,-97.5,0.30686274509803924
Asclepias syriaca,Bombus ternarius,42.0,-72.0,0.22364076601364738
Asclepias syriaca,Bombus ternarius,42.0,-75.0,0.1965394853593611
Asclepias syriaca,Bombus ternarius,43.5,-72.0,0.23874744870555376
Asclepias syriaca,Bombus ternarius,43.5,-69.0,0.3404669260700389
Asclepias syriaca,Bombus ternarius,43.5,-94.5,0.2974137931034483
Asclepias syriaca,Bombus ternarius,42.0,-79.5,0.1575757575757576
Asclepias syriaca,Bombus ternarius,43.5,-91.5,0.3619047619047619
Asclepias syriaca,Bombus ternarius,42.0,-76.5,0.29278523489932884
Asclepias syriaca,Bombus ternarius,42.0,-73.5,0.33183632734530943
Asclepias syriaca,Bombus ternarius,43.5,-85.5,0.34523809523809523
Asclepias syriaca,Bombus ternarius,43.5,-70.5,0.29209270620313565
Asclepias syriaca,Bombus ternarius,43.5,-73.5,0.32256682822782723
Asclepias syriaca,Bombus ternarius,45.0,-93.0,0.26783216783216784
Asclepias syriaca,Bombus ternarius,40.5,-75.0,0.13636363636363635
Erodium cicutarium,Papilio polyxenes,31.5,-103.5,0.17346938775510204
Erodium cicutarium,Papilio polyxenes,28.5,-99.0,0.20509383378016088
Erodium cicutarium,Papilio polyxenes,33.0,-99.0,0.41064780342516755
Erodium cicutarium,Papilio polyxenes,37.5,-78.0,0.1403216860787576
Erodium cicutarium,Papilio polyxenes,34.5,-102.0,0.058823529411764705
Erodium cicutarium,Papilio polyxenes,39.0,-75.0,0.06133625410733845
Erodium cicutarium,Papilio polyxenes,33.0,-97.5,0.2886559401917764
Erodium cicutarium,Papilio polyxenes,37.5,-76.5,0.07351225204200701
Erodium cicutarium,Papilio polyxenes,31.5,-117.0,0.4037383177570093
Erodium cicutarium,Papilio polyxenes,36.0,-117.0,0.5485714285714286
Erodium cicutarium,Papilio polyxenes,40.5,-75.0,0.21827580713951705
Erodium cicutarium,Papilio polyxenes,36.0,-115.5,0.4123477430140913
Erodium cicutarium,Papilio polyxenes,33.0,-102.0,0.09854014598540146
Erodium cicutarium,Papilio polyxenes,39.0,-105.0,0.1946826758147513
Erodium cicutarium,Papilio polyxenes,33.0,-118.5,0.459620596205962
Erodium cicutarium,Papilio polyxenes,34.5,-112.5,0.3137254901960784
Erodium cicutarium,Papilio polyxenes,31.5,-97.5,0.31837606837606836
Erodium cicutarium,Papilio polyxenes,34.5,-117.0,0.5228776978417267
Erodium cicutarium,Papilio polyxenes,34.5,-108.0,0.1557377049180328
Erodium cicutarium,Papilio polyxenes,42.0,-72.0,0.03896103896103896
Erodium cicutarium,Papilio polyxenes,39.0,-78.0,0.13850989834135904
Erodium cicutarium,Papilio polyxenes,33.0,-112.5,0.2585580627407815
Erodium cicutarium,Papilio polyxenes,34.5,-115.5,0.5946196660482375
Erodium cicutarium,Papilio polyxenes,34.5,-106.5,0.15285326086956522
Erodium cicutarium,Papilio polyxenes,31.5,-102.0,0.06451612903225806
Erodium cicutarium,Papilio polyxenes,39.0,-76.5,0.1756728778467909
Erodium cicutarium,Papilio polyxenes,36.0,-118.5,0.20595533498759305
Erodium cicutarium,Papilio polyxenes,33.0,-117.0,0.6262406815761448
Erodium cicutarium,Papilio polyxenes,37.5,-105.0,0.14942528735632182
Erodium cicutarium,Papilio polyxenes,34.5,-118.5,0.4731266149870801
Erodium cicutarium,Papilio polyxenes,39.0,-106.5,0.2216880341880342
Larrea tridentata,Asphondylia auripila,31.5,-115.5,0.17391304347826086
Larrea tridentata,Asphondylia auripila,31.5,-112.5,0.3455357142857143
Larrea tridentata,Asphondylia auripila,36.0,-115.5,0.4411220069883902
Larrea tridentata,Asphondylia auripila,36.0,-118.5,0.5912162162162162
Larrea tridentata,Asphondylia auripila,33.0,-117.0,0.6645302299884582
Larrea tridentata,Asphondylia auripila,33.0,-114.0,0.38471177944862145
Larrea tridentata,Asphondylia auripila,28.5,-105.0,0.36060606060606065
Larrea tridentata,Asphondylia auripila,34.5,-117.0,0.4422725611983924
Larrea tridentata,Asphondylia auripila,33.0,-112.5,0.5590972762645914
Larrea tridentata,Asphondylia auripila,28.5,-103.5,0.3535980148883375
Larrea tridentata,Asphondylia auripila,33.0,-115.5,0.3594738173539084
Larrea tridentata,Asphondylia auripila,34.5,-118.5,0.29107981220657275
Larrea tridentata,Asphondylia auripila,34.5,-115.5,0.34969179706021813
Larrea tridentata,Asphondylia auripila,31.5,-117.0,0.538235294117647
Larrea tridentata,Asphondylia auripila,31.5,-114.0,0.41025641025641024
Larrea tridentata,Asphondylia auripila,31.5,-108.0,0.2583444592790387
Larrea tridentata,Asphondylia auripila,36.0,-117.0,0.42237762237762244
Larrea tridentata,Asphondylia auripila,31.5,-111.0,0.36241366775717926
Asclepias syriaca,Satyrium calanus,40.5,-82.5,0.7444487728866381
Asclepias syriaca,Satyrium calanus,37.5,-96.0,0.65
Asclepias syriaca,Satyrium calanus,37.5,-87.0,0.49404761904761907
Asclepias syriaca,Satyrium calanus,36.0,-82.5,0.3086616099828725
Asclepias syriaca,Satyrium calanus,37.5,-78.0,0.7072222222222222
Asclepias syriaca,Satyrium calanus,42.0,-78.0,0.6117900790797987
Asclepias syriaca,Satyrium calanus,43.5,-90.0,0.5898692810457518
Asclepias syriaca,Satyrium calanus,34.5,-84.0,0.5995747696669029
Asclepias syriaca,Satyrium calanus,43.5,-72.0,0.7285399853264857
Asclepias syriaca,Satyrium calanus,39.0,-84.0,0.6409090909090909
Asclepias syriaca,Satyrium calanus,39.0,-75.0,0.5097402597402597
Asclepias syriaca,Satyrium calanus,37.5,-85.5,0.6948547313747768
Asclepias syriaca,Satyrium calanus,42.0,-85.5,0.6333333333333333
Asclepias syriaca,Satyrium calanus,37.5,-76.5,0.5957446808510638
Asclepias syriaca,Satyrium calanus,42.0,-76.5,0.6766581632653061
Asclepias syriaca,Satyrium calanus,34.5,-82.5,0.5
Asclepias syriaca,Satyrium calanus,43.5,-70.5,0.611111111111111
Asclepias syriaca,Satyrium calanus,40.5,-75.0,0.8652958152958153
Asclepias syriaca,Satyrium calanus,40.5,-73.5,0.8424908424908425
Asclepias syriaca,Satyrium calanus,42.0,-90.0,0.8459119496855346
Asclepias syriaca,Satyrium calanus,37.5,-81.0,0.5866666666666667
Asclepias syriaca,Satyrium calanus,43.5,-93.0,0.6982097186700766
Asclepias syriaca,Satyrium calanus,42.0,-88.5,0.7813852813852813
Asclepias syriaca,Satyrium calanus,42.0,-79.5,0.7151515151515151
Asclepias syriaca,Satyrium calanus,43.5,-91.5,0.6325581395348838
Asclepias syriaca,Satyrium calanus,40.5,-87.0,0.5724137931034483
Asclepias syriaca,Satyrium calanus,36.0,-81.0,0.7401522674611056
Asclepias syriaca,Satyrium calanus,45.0,-94.5,0.8468253968253968
Asclepias syriaca,Satyrium calanus,40.5,-76.5,0.7547892720306514
Asclepias syriaca,Satyrium calanus,37.5,-93.0,0.4708333333333333
Asclepias syriaca,Satyrium calanus,37.5,-84.0,0.5357142857142856
Asclepias syriaca,Satyrium calanus,36.0,-79.5,0.38316400580551524
Asclepias syriaca,Satyrium calanus,43.5,-87.0,0.7348484848484849
Asclepias syriaca,Satyrium calanus,42.0,-72.0,0.7311299435028249
Asclepias syriaca,Satyrium calanus,39.0,-87.0,0.6564986737400531
Asclepias syriaca,Satyrium calanus,39.0,-78.0,0.8141187000055938
Asclepias syriaca,Satyrium calanus,43.5,-94.5,0.8035352071863228
Asclepias syriaca,Satyrium calanus,43.5,-73.5,0.8355856484713109
Asclepias syriaca,Satyrium calanus,39.0,-85.5,0.8037593984962406
Asclepias syriaca,Satyrium calanus,40.5,-81.0,0.6916666666666667
Asclepias syriaca,Satyrium calanus,39.0,-76.5,0.8523156089193825
Asclepias syriaca,Satyrium calanus,40.5,-72.0,0.6486614546316039
Asclepias syriaca,Satyrium calanus,40.5,-97.5,0.3974358974358974
Asclepias syriaca,Satyrium calanus,40.5,-88.5,0.7773148148148148
Asclepias syriaca,Satyrium calanus,40.5,-79.5,0.68
Asclepias syriaca,Satyrium calanus,40.5,-70.5,0.6833333333333333
Asclepias syriaca,Satyrium calanus,42.0,-84.0,0.7824561403508772
Asclepias syriaca,Satyrium calanus,42.0,-75.0,0.5675208753239274
Asclepias syriaca,Satyrium calanus,34.5,-81.0,0.4662162162162162
Asclepias syriaca,Satyrium calanus,43.5,-69.0,0.6222222222222222
Asclepias syriaca,Satyrium calanus,39.0,-81.0,0.6632860040567952
Asclepias syriaca,Satyrium calanus,42.0,-73.5,0.7861306532663317
Asclepias syriaca,Satyrium calanus,43.5,-85.5,0.4560439560439561
Asclepias syriaca,Satyrium calanus,40.5,-93.0,0.5833333333333333
Asclepias syriaca,Satyrium calanus,34.5,-79.5,0.3650793650793651
Asclepias syriaca,Satyrium calanus,39.0,-88.5,0.6334776334776335
Asclepias syriaca,Satyrium calanus,40.5,-84.0,0.5831932773109243
Asclepias syriaca,Satyrium calanus,39.0,-79.5,0.5238095238095238
Asclepias syriaca,Satyrium calanus,45.0,-93.0,0.8
Asclepias syriaca,Nymphalis antiopa,40.5,-82.5,0.24281150159744408
Asclepias syriaca,Nymphalis antiopa,37.5,-96.0,0.36666666666666664
Asclepias syriaca,Nymphalis antiopa,36.0,-82.5,0.16305459006338172
Asclepias syriaca,Nymphalis antiopa,37.5,-87.0,0.19318181818181818
Asclepias syriaca,Nymphalis antiopa,37.5,-78.0,0.23360107095046853
Asclepias syriaca,Nymphalis antiopa,42.0,-78.0,0.20903954802259886
Asclepias syriaca,Nymphalis antiopa,43.5,-90.0,0.2857142857142857
Asclepias syriaca,Nymphalis antiopa,34.5,-84.0,0.13174019607843138
Asclepias syriaca,Nymphalis antiopa,43.5,-72.0,0.19448275862068967
Asclepias syriaca,Nymphalis antiopa,39.0,-84.0,0.09322033898305085
Asclepias syriaca,Nymphalis antiopa,39.0,-75.0,0.13110165696372594
Asclepias syriaca,Nymphalis antiopa,37.5,-85.5,0.16346604215456673
Asclepias syriaca,Nymphalis antiopa,42.0,-85.5,0.2229965156794425
Asclepias syriaca,Nymphalis antiopa,37.5,-76.5,0.12962962962962962
Asclepias syriaca,Nymphalis antiopa,42.0,-76.5,0.22790271966527198
Asclepias syriaca,Nymphalis antiopa,34.5,-82.5,0.019230769230769232
Asclepias syriaca,Nymphalis antiopa,43.5,-70.5,0.2009300048947626
Asclepias syriaca,Nymphalis antiopa,40.5,-75.0,0.26591134783786224
Asclepias syriaca,Nymphalis antiopa,40.5,-73.5,0.16940314587373412
Asclepias syriaca,Nymphalis antiopa,42.0,-90.0,0.31514913657770804
Asclepias syriaca,Nymphalis antiopa,37.5,-81.0,0.2916666666666667
Asclepias syriaca,Nymphalis antiopa,43.5,-93.0,0.28181818181818186
Asclepias syriaca,Nymphalis antiopa,42.0,-88.5,0.32129408644921775
Asclepias syriaca,Nymphalis antiopa,42.0,-79.5,0.20731707317073172
Asclepias syriaca,Nymphalis antiopa,43.5,-91.5,0.26190476190476186
Asclepias syriaca,Nymphalis antiopa,40.5,-87.0,0.0975609756097561
Asclepias syriaca,Nymphalis antiopa,36.0,-81.0,0.2118353344768439
Asclepias syriaca,Nymphalis antiopa,45.0,-94.5,0.2338709677419355
Asclepias syriaca,Nymphalis antiopa,40.5,-76.5,0.2876712328767123
Asclepias syriaca,Nymphalis antiopa,37.5,-93.0,0.12195121951219512
Asclepias syriaca,Nymphalis antiopa,45.0,-85.5,0.18171091445427728
Asclepias syriaca,Nymphalis antiopa,37.5,-84.0,0.2222222222222222
Asclepias syriaca,Nymphalis antiopa,36.0,-79.5,0.10622899974153527
Asclepias syriaca,Nymphalis antiopa,43.5,-87.0,0.23728813559322032
Asclepias syriaca,Nymphalis antiopa,42.0,-72.0,0.16326294341020653
Asclepias syriaca,Nymphalis antiopa,39.0,-87.0,0.04081632653061224
Asclepias syriaca,Nymphalis antiopa,39.0,-78.0,0.21559026799835346
Asclepias syriaca,Nymphalis antiopa,43.5,-94.5,0.24249422632794457
Asclepias syriaca,Nymphalis antiopa,43.5,-73.5,0.22731043307520904
Asclepias syriaca,Nymphalis antiopa,39.0,-85.5,0.16483516483516486
Asclepias syriaca,Nymphalis antiopa,40.5,-81.0,0.22602739726027396
Asclepias syriaca,Nymphalis antiopa,39.0,-76.5,0.1014726184997699
Asclepias syriaca,Nymphalis antiopa,40.5,-72.0,0.10508930756055787
Asclepias syriaca,Nymphalis antiopa,40.5,-97.5,0.08823529411764705
Asclepias syriaca,Nymphalis antiopa,40.5,-88.5,0.3501338329764454
Asclepias syriaca,Nymphalis antiopa,40.5,-79.5,0.3150684931506849
Asclepias syriaca,Nymphalis antiopa,40.5,-70.5,0.19148936170212766
Asclepias syriaca,Nymphalis antiopa,42.0,-84.0,0.23698732289336316
Asclepias syriaca,Nymphalis antiopa,46.5,-97.5,0.16666666666666666
Asclepias syriaca,Nymphalis antiopa,42.0,-75.0,0.27192762000502635
Asclepias syriaca,Nymphalis antiopa,34.5,-81.0,0.18951612903225806
Asclepias syriaca,Nymphalis antiopa,43.5,-69.0,0.23548387096774193
Asclepias syriaca,Nymphalis antiopa,39.0,-81.0,0.21030693444486548
Asclepias syriaca,Nymphalis antiopa,37.5,-82.5,0.25416666666666665
Asclepias syriaca,Nymphalis antiopa,42.0,-73.5,0.2571638141809291
Asclepias syriaca,Nymphalis antiopa,43.5,-85.5,0.2117647058823529
Asclepias syriaca,Nymphalis antiopa,40.5,-93.0,0.3225806451612903
Asclepias syriaca,Nymphalis antiopa,34.5,-79.5,0.09991909385113268
Asclepias syriaca,Nymphalis antiopa,39.0,-88.5,0.0736842105263158
Asclepias syriaca,Nymphalis antiopa,40.5,-84.0,0.21739130434782608
Asclepias syriaca,Nymphalis antiopa,39.0,-79.5,0.22580086580086578
Asclepias syriaca,Nymphalis antiopa,45.0,-93.0,0.25263157894736843
Asclepias syriaca,Typocerus velutinus,40.5,-82.5,0.6314616755793226
Asclepias syriaca,Typocerus velutinus,37.5,-87.0,0.6666666666666666
Asclepias syriaca,Typocerus velutinus,36.0,-82.5,0.6025685525859077
Asclepias syriaca,Typocerus velutinus,37.5,-78.0,0.42793159609120524
Asclepias syriaca,Typocerus velutinus,42.0,-78.0,0.46353646353646355
Asclepias syriaca,Typocerus velutinus,43.5,-90.0,0.7128851540616248
Asclepias syriaca,Typocerus velutinus,34.5,-84.0,0.34841628959276016
Asclepias syriaca,Typocerus velutinus,43.5,-72.0,0.2220431840154689
Asclepias syriaca,Typocerus velutinus,39.0,-84.0,0.612369337979094
Asclepias syriaca,Typocerus velutinus,39.0,-75.0,0.5243506493506493
Asclepias syriaca,Typocerus velutinus,37.5,-85.5,0.38774055595153245
Asclepias syriaca,Typocerus velutinus,42.0,-85.5,0.5358974358974359
Asclepias syriaca,Typocerus velutinus,37.5,-76.5,0.4651504035216434
Asclepias syriaca,Typocerus velutinus,42.0,-76.5,0.46875
Asclepias syriaca,Typocerus velutinus,34.5,-82.5,0.7383720930232559
Asclepias syriaca,Typocerus velutinus,43.5,-70.5,0.31399782135076254
Asclepias syriaca,Typocerus velutinus,40.5,-75.0,0.4159033948507633
Asclepias syriaca,Typocerus velutinus,40.5,-73.5,0.40962663067926225
Asclepias syriaca,Typocerus velutinus,42.0,-90.0,0.5216783216783217
Asclepias syriaca,Typocerus velutinus,37.5,-81.0,0.711111111111111
Asclepias syriaca,Typocerus velutinus,43.5,-93.0,0.6024844720496894
Asclepias syriaca,Typocerus velutinus,42.0,-88.5,0.4700542005420054
Asclepias syriaca,Typocerus velutinus,42.0,-79.5,0.40555555555555556
Asclepias syriaca,Typocerus velutinus,43.5,-91.5,0.5
Asclepias syriaca,Typocerus velutinus,40.5,-87.0,0.5631578947368421
Asclepias syriaca,Typocerus velutinus,36.0,-81.0,0.6383239402107326
Asclepias syriaca,Typocerus velutinus,45.0,-94.5,0.4892857142857143
Asclepias syriaca,Typocerus velutinus,40.5,-76.5,0.4838892029395138
Asclepias syriaca,Typocerus velutinus,37.5,-93.0,0.6214285714285714
Asclepias syriaca,Typocerus velutinus,45.0,-85.5,0.5019607843137255
Asclepias syriaca,Typocerus velutinus,37.5,-84.0,0.5771428571428572
Asclepias syriaca,Typocerus velutinus,36.0,-79.5,0.7434917602101744
Asclepias syriaca,Typocerus velutinus,43.5,-87.0,0.6090909090909091
Asclepias syriaca,Typocerus velutinus,42.0,-72.0,0.2776522284996861
Asclepias syriaca,Typocerus velutinus,39.0,-87.0,0.6885775862068965
Asclepias syriaca,Typocerus velutinus,39.0,-78.0,0.5762971146900098
Asclepias syriaca,Typocerus velutinus,43.5,-94.5,0.6297486849795442
Asclepias syriaca,Typocerus velutinus,43.5,-73.5,0.5018678160919541
Asclepias syriaca,Typocerus velutinus,39.0,-85.5,0.6640394088669951
Asclepias syriaca,Typocerus velutinus,40.5,-81.0,0.696078431372549
Asclepias syriaca,Typocerus velutinus,39.0,-76.5,0.43478980470043027
Asclepias syriaca,Typocerus velutinus,40.5,-72.0,0.28152341739577974
Asclepias syriaca,Typocerus velutinus,40.5,-88.5,0.6422169811320755
Asclepias syriaca,Typocerus velutinus,40.5,-79.5,0.506896551724138
Asclepias syriaca,Typocerus velutinus,40.5,-70.5,0.3055555555555555
Asclepias syriaca,Typocerus velutinus,42.0,-84.0,0.5111111111111112
Asclepias syriaca,Typocerus velutinus,42.0,-75.0,0.20186335403726707
Asclepias syriaca,Typocerus velutinus,34.5,-81.0,0.8216666666666667
Asclepias syriaca,Typocerus velutinus,43.5,-69.0,0.42450980392156856
Asclepias syriaca,Typocerus velutinus,39.0,-81.0,0.6225535880708295
Asclepias syriaca,Typocerus velutinus,37.5,-82.5,0.5380952380952382
Asclepias syriaca,Typocerus velutinus,42.0,-73.5,0.46085106382978724
Asclepias syriaca,Typocerus velutinus,43.5,-85.5,0.49999999999999994
Asclepias syriaca,Typocerus velutinus,34.5,-79.5,0.6583333333333333
Asclepias syriaca,Typocerus velutinus,39.0,-88.5,0.5995670995670995
Asclepias syriaca,Typocerus velutinus,40.5,-84.0,0.5488721804511278
Asclepias syriaca,Typocerus velutinus,39.0,-79.5,0.6533333333333333
Asclepias syriaca,Typocerus velutinus,45.0,-93.0,0.65
Asclepias syriaca,Danaus plexippus,40.5,-82.5,0.26073172951491064
Asclepias syriaca,Danaus plexippus,37.5,-96.0,0.09040178571428571
Asclepias syriaca,Danaus plexippus,36.0,-82.5,0.36255412865879977
Asclepias syriaca,Danaus plexippus,37.5,-87.0,0.10616438356164384
Asclepias syriaca,Danaus plexippus,37.5,-78.0,0.13094967409428526
Asclepias syriaca,Danaus plexippus,42.0,-78.0,0.28189910979228483
Asclepias syriaca,Danaus plexippus,43.5,-90.0,0.39044506691565517
Asclepias syriaca,Danaus plexippus,34.5,-84.0,0.1523079486752208
Asclepias syriaca,Danaus plexippus,43.5,-72.0,0.21311003209612378
Asclepias syriaca,Danaus plexippus,39.0,-84.0,0.19850498338870431
Asclepias syriaca,Danaus plexippus,39.0,-75.0,0.14590097402597402
Asclepias syriaca,Danaus plexippus,37.5,-85.5,0.18972547267294104
Asclepias syriaca,Danaus plexippus,42.0,-85.5,0.4279191128506197
Asclepias syriaca,Danaus plexippus,37.5,-76.5,0.26800434443578036
Asclepias syriaca,Danaus plexippus,42.0,-76.5,0.18421052631578946
Asclepias syriaca,Danaus plexippus,34.5,-82.5,0.1214622641509434
Asclepias syriaca,Danaus plexippus,43.5,-70.5,0.2611111111111111
Asclepias syriaca,Danaus plexippus,40.5,-75.0,0.20566788200198874
Asclepias syriaca,Danaus plexippus,40.5,-73.5,0.1773082587515577
Asclepias syriaca,Danaus plexippus,42.0,-90.0,0.401277294134437
Asclepias syriaca,Danaus plexippus,37.5,-81.0,0.39271899886234357
Asclepias syriaca,Danaus plexippus,43.5,-93.0,0.2779524289696898
Asclepias syriaca,Danaus plexippus,42.0,-88.5,0.34972497249724976
Asclepias syriaca,Danaus plexippus,42.0,-79.5,0.21446959609409677
Asclepias syriaca,Danaus plexippus,43.5,-91.5,0.26598465473145777
Asclepias syriaca,Danaus plexippus,40.5,-87.0,0.3566084788029925
Asclepias syriaca,Danaus plexippus,36.0,-81.0,0.20312392010505215
Asclepias syriaca,Danaus plexippus,45.0,-94.5,0.32667398463227226
Asclepias syriaca,Danaus plexippus,40.5,-76.5,0.20615097856477166
Asclepias syriaca,Danaus plexippus,37.5,-93.0,0.11329305135951662
Asclepias syriaca,Danaus plexippus,45.0,-85.5,0.4683544303797469
Asclepias syriaca,Danaus plexippus,37.5,-84.0,0.15950920245398773
Asclepias syriaca,Danaus plexippus,36.0,-79.5,0.1156773211567732
Asclepias syriaca,Danaus plexippus,43.5,-87.0,0.5350236028627988
Asclepias syriaca,Danaus plexippus,42.0,-72.0,0.20981673967855158
Asclepias syriaca,Danaus plexippus,39.0,-87.0,0.1667650282438243
Asclepias syriaca,Danaus plexippus,39.0,-78.0,0.15045135406218654
Asclepias syriaca,Danaus plexippus,43.5,-94.5,0.34695800614544214
Asclepias syriaca,Danaus plexippus,43.5,-73.5,0.2835806052241684
Asclepias syriaca,Danaus plexippus,39.0,-85.5,0.1689969604863222
Asclepias syriaca,Danaus plexippus,40.5,-81.0,0.2475325884543762
Asclepias syriaca,Danaus plexippus,39.0,-76.5,0.21008739338330318
Asclepias syriaca,Danaus plexippus,40.5,-72.0,0.2273188338975906
Asclepias syriaca,Danaus plexippus,40.5,-97.5,0.2249230769230769
Asclepias syriaca,Danaus plexippus,40.5,-88.5,0.3667703572033181
Asclepias syriaca,Danaus plexippus,40.5,-79.5,0.2899786780383795
Asclepias syriaca,Danaus plexippus,40.5,-70.5,0.39291465378421897
Asclepias syriaca,Danaus plexippus,42.0,-84.0,0.24667030071772506
Asclepias syriaca,Danaus plexippus,46.5,-97.5,0.40284360189573454
Asclepias syriaca,Danaus plexippus,42.0,-75.0,0.14655127740063223
Asclepias syriaca,Danaus plexippus,34.5,-81.0,0.16878980891719747
Asclepias syriaca,Danaus plexippus,43.5,-69.0,0.30505050505050507
Asclepias syriaca,Danaus plexippus,39.0,-81.0,0.28368317789663233
Asclepias syriaca,Danaus plexippus,37.5,-82.5,0.17763157894736842
Asclepias syriaca,Danaus plexippus,42.0,-73.5,0.33698420183918887
Asclepias syriaca,Danaus plexippus,43.5,-85.5,0.4398268398268398
Asclepias syriaca,Danaus plexippus,40.5,-93.0,0.3054662379421222
Asclepias syriaca,Danaus plexippus,34.5,-79.5,0.18370361769107707
Asclepias syriaca,Danaus plexippus,39.0,-88.5,0.1973410336841488
Asclepias syriaca,Danaus plexippus,40.5,-84.0,0.38504897431158747
Asclepias syriaca,Danaus plexippus,39.0,-79.5,0.2496498599439776
Asclepias syriaca,Danaus plexippus,45.0,-93.0,0.3979127134724858
Trillium grandiflorum,Chalcosyrphus libo,42.0,-72.0,0.5449735449735449
Trillium grandiflorum,Chalcosyrphus libo,43.5,-73.5,0.18684962835906233
Asclepias syriaca,Euphyes vestris,40.5,-82.5,0.5566714490674318
Asclepias syriaca,Euphyes vestris,37.5,-96.0,0.125
Asclepias syriaca,Euphyes vestris,37.5,-87.0,0.2708333333333333
Asclepias syriaca,Euphyes vestris,36.0,-82.5,0.5614925373134328
Asclepias syriaca,Euphyes vestris,37.5,-78.0,0.31538929440389296
Asclepias syriaca,Euphyes vestris,42.0,-78.0,0.4698544698544699
Asclepias syriaca,Euphyes vestris,43.5,-90.0,0.6299019607843137
Asclepias syriaca,Euphyes vestris,34.5,-84.0,0.31556372549019607
Asclepias syriaca,Euphyes vestris,43.5,-72.0,0.5764282038085435
Asclepias syriaca,Euphyes vestris,39.0,-84.0,0.28026634382566584
Asclepias syriaca,Euphyes vestris,39.0,-75.0,0.45707070707070707
Asclepias syriaca,Euphyes vestris,37.5,-85.5,0.38015064244572444
Asclepias syriaca,Euphyes vestris,42.0,-85.5,0.4437751004016064
Asclepias syriaca,Euphyes vestris,37.5,-76.5,0.3533113575067426
Asclepias syriaca,Euphyes vestris,42.0,-76.5,0.46875
Asclepias syriaca,Euphyes vestris,34.5,-82.5,0.46096096096096095
Asclepias syriaca,Euphyes vestris,43.5,-70.5,0.4139309764309764
Asclepias syriaca,Euphyes vestris,40.5,-75.0,0.4832600859216829
Asclepias syriaca,Euphyes vestris,40.5,-73.5,0.39943714821763604
Asclepias syriaca,Euphyes vestris,42.0,-90.0,0.521585557299843
Asclepias syriaca,Euphyes vestris,37.5,-81.0,0.7759562841530054
Asclepias syriaca,Euphyes vestris,43.5,-93.0,0.531055900621118
Asclepias syriaca,Euphyes vestris,42.0,-88.5,0.49572649572649574
Asclepias syriaca,Euphyes vestris,42.0,-79.5,0.39999999999999997
Asclepias syriaca,Euphyes vestris,43.5,-91.5,0.6842696629213483
Asclepias syriaca,Euphyes vestris,40.5,-87.0,0.7
Asclepias syriaca,Euphyes vestris,36.0,-81.0,0.4528301886792453
Asclepias syriaca,Euphyes vestris,45.0,-94.5,0.7398305084745762
Asclepias syriaca,Euphyes vestris,40.5,-76.5,0.412024756852343
Asclepias syriaca,Euphyes vestris,37.5,-93.0,0.375
Asclepias syriaca,Euphyes vestris,45.0,-85.5,0.6070921985815603
Asclepias syriaca,Euphyes vestris,37.5,-84.0,0.4675324675324675
Asclepias syriaca,Euphyes vestris,36.0,-79.5,0.3566037735849057
Asclepias syriaca,Euphyes vestris,43.5,-87.0,0.6196172248803827
Asclepias syriaca,Euphyes vestris,42.0,-72.0,0.2468937808089675
Asclepias syriaca,Euphyes vestris,39.0,-87.0,0.48073022312373226
Asclepias syriaca,Euphyes vestris,39.0,-78.0,0.3406503441041778
Asclepias syriaca,Euphyes vestris,43.5,-94.5,0.7602892102335929
Asclepias syriaca,Euphyes vestris,43.5,-73.5,0.6074252561643194
Asclepias syriaca,Euphyes vestris,39.0,-85.5,0.40535714285714286
Asclepias syriaca,Euphyes vestris,40.5,-81.0,0.5871794871794872
Asclepias syriaca,Euphyes vestris,39.0,-76.5,0.4090435914118412
Asclepias syriaca,Euphyes vestris,40.5,-72.0,0.5645733596170093
Asclepias syriaca,Euphyes vestris,40.5,-97.5,0.46153846153846156
Asclepias syriaca,Euphyes vestris,40.5,-88.5,0.4605582524271844
Asclepias syriaca,Euphyes vestris,40.5,-79.5,0.5816326530612246
Asclepias syriaca,Euphyes vestris,40.5,-70.5,0.42371475953565507
Asclepias syriaca,Euphyes vestris,42.0,-84.0,0.2849206349206349
Asclepias syriaca,Euphyes vestris,42.0,-75.0,0.18677281077770974
Asclepias syriaca,Euphyes vestris,34.5,-81.0,0.3908730158730158
Asclepias syriaca,Euphyes vestris,43.5,-69.0,0.5711678832116789
Asclepias syriaca,Euphyes vestris,39.0,-81.0,0.6436781609195401
Asclepias syriaca,Euphyes vestris,42.0,-73.5,0.490803324099723
Asclepias syriaca,Euphyes vestris,43.5,-85.5,0.5105820105820105
Asclepias syriaca,Euphyes vestris,40.5,-93.0,0.4242424242424242
Asclepias syriaca,Euphyes vestris,34.5,-79.5,0.3903256704980843
Asclepias syriaca,Euphyes vestris,39.0,-88.5,0.24915824915824913
Asclepias syriaca,Euphyes vestris,40.5,-84.0,0.46543778801843316
Asclepias syriaca,Euphyes vestris,39.0,-79.5,0.609347442680776
Asclepias syriaca,Euphyes vestris,45.0,-93.0,0.475
Larrea tridentata,Apis mellifera,31.5,-115.5,0.3291666666666667
Larrea tridentata,Apis mellifera,31.5,-112.5,0.41508964143426297
Larrea tridentata,Apis mellifera,36.0,-115.5,0.48085465590966336
Larrea tridentata,Apis mellifera,36.0,-118.5,0.40986394557823125
Larrea tridentata,Apis mellifera,33.0,-117.0,0.662845201364129
Larrea tridentata,Apis mellifera,28.5,-105.0,0.46923076923076923
Larrea tridentata,Apis mellifera,33.0,-114.0,0.22807017543859648
Larrea tridentata,Apis mellifera,34.5,-117.0,0.5286855482933914
Larrea tridentata,Apis mellifera,28.5,-103.5,0.4861751152073732
Larrea tridentata,Apis mellifera,33.0,-112.5,0.5646679888932964
Larrea tridentata,Apis mellifera,34.5,-118.5,0.28615384615384615
Larrea tridentata,Apis mellifera,34.5,-115.5,0.4947447447447447
Larrea tridentata,Apis mellifera,33.0,-115.5,0.45254237288135596
Larrea tridentata,Apis mellifera,31.5,-117.0,0.4816553415624623
Larrea tridentata,Apis mellifera,31.5,-114.0,0.3826086956521739
Larrea tridentata,Apis mellifera,31.5,-108.0,0.4124748490945674
Larrea tridentata,Apis mellifera,36.0,-117.0,0.37006237006237
Larrea tridentata,Apis mellifera,31.5,-111.0,0.4249295911430514
Asclepias syriaca,Bombus griseocollis,40.5,-82.5,0.5681305398871878
Asclepias syriaca,Bombus griseocollis,37.5,-96.0,0.17759562841530055
Asclepias syriaca,Bombus griseocollis,36.0,-82.5,0.6438474295190714
Asclepias syriaca,Bombus griseocollis,37.5,-87.0,0.5121212121212121
Asclepias syriaca,Bombus griseocollis,37.5,-78.0,0.6043789422610384
Asclepias syriaca,Bombus griseocollis,42.0,-78.0,0.45530145530145527
Asclepias syriaca,Bombus griseocollis,43.5,-90.0,0.43792611384176316
Asclepias syriaca,Bombus griseocollis,34.5,-84.0,0.4802744425385935
Asclepias syriaca,Bombus griseocollis,43.5,-72.0,0.30925589836660616
Asclepias syriaca,Bombus griseocollis,39.0,-84.0,0.5720140515222482
Asclepias syriaca,Bombus griseocollis,39.0,-75.0,0.4759540800496432
Asclepias syriaca,Bombus griseocollis,37.5,-85.5,0.5052078616067386
Asclepias syriaca,Bombus griseocollis,42.0,-85.5,0.39555052790346906
Asclepias syriaca,Bombus griseocollis,37.5,-76.5,0.7494572297003907
Asclepias syriaca,Bombus griseocollis,42.0,-76.5,0.3137254901960784
Asclepias syriaca,Bombus griseocollis,34.5,-82.5,0.5012820512820513
Asclepias syriaca,Bombus griseocollis,43.5,-70.5,0.4082687338501292
Asclepias syriaca,Bombus griseocollis,40.5,-75.0,0.5410393059795451
Asclepias syriaca,Bombus griseocollis,40.5,-73.5,0.5463789490025616
Asclepias syriaca,Bombus griseocollis,42.0,-90.0,0.48529198246072536
Asclepias syriaca,Bombus griseocollis,37.5,-81.0,0.3142857142857143
Asclepias syriaca,Bombus griseocollis,43.5,-93.0,0.24993994715349507
Asclepias syriaca,Bombus griseocollis,42.0,-88.5,0.37698567708333336
Asclepias syriaca,Bombus griseocollis,42.0,-79.5,0.34594594594594597
Asclepias syriaca,Bombus griseocollis,43.5,-91.5,0.298728813559322
Asclepias syriaca,Bombus griseocollis,40.5,-87.0,0.5245810055865923
Asclepias syriaca,Bombus griseocollis,36.0,-81.0,0.632416458285974
Asclepias syriaca,Bombus griseocollis,45.0,-94.5,0.3157996146435453
Asclepias syriaca,Bombus griseocollis,40.5,-76.5,0.460290216882509
Asclepias syriaca,Bombus griseocollis,37.5,-93.0,0.5892100192678228
Asclepias syriaca,Bombus griseocollis,45.0,-85.5,0.5210884353741496
Asclepias syriaca,Bombus griseocollis,37.5,-84.0,0.45864661654135336
Asclepias syriaca,Bombus griseocollis,36.0,-79.5,0.5955791213331496
Asclepias syriaca,Bombus griseocollis,43.5,-87.0,0.5909090909090908
Asclepias syriaca,Bombus griseocollis,42.0,-72.0,0.4896578628463288
Asclepias syriaca,Bombus griseocollis,39.0,-87.0,0.5859080210707214
Asclepias syriaca,Bombus griseocollis,39.0,-78.0,0.7083408840052059
Asclepias syriaca,Bombus griseocollis,43.5,-94.5,0.3374921963938159
Asclepias syriaca,Bombus griseocollis,43.5,-73.5,0.5547892720306513
Asclepias syriaca,Bombus griseocollis,39.0,-85.5,0.7093262632563943
Asclepias syriaca,Bombus griseocollis,40.5,-81.0,0.42261072261072263
Asclepias syriaca,Bombus griseocollis,39.0,-76.5,0.6042545748704606
Asclepias syriaca,Bombus griseocollis,40.5,-72.0,0.5790128305839225
Asclepias syriaca,Bombus griseocollis,40.5,-97.5,0.33413659712093347
Asclepias syriaca,Bombus griseocollis,40.5,-88.5,0.5937195350581177
Asclepias syriaca,Bombus griseocollis,40.5,-79.5,0.7185185185185186
Asclepias syriaca,Bombus griseocollis,40.5,-70.5,0.7195340501792113
Asclepias syriaca,Bombus griseocollis,42.0,-84.0,0.4189625450556339
Asclepias syriaca,Bombus griseocollis,46.5,-97.5,0.3474842767295597
Asclepias syriaca,Bombus griseocollis,42.0,-75.0,0.21990449861774314
Asclepias syriaca,Bombus griseocollis,34.5,-81.0,0.672112462006079
Asclepias syriaca,Bombus griseocollis,43.5,-69.0,0.35526315789473684
Asclepias syriaca,Bombus griseocollis,39.0,-81.0,0.7339040270074753
Asclepias syriaca,Bombus griseocollis,37.5,-82.5,0.4393939393939394
Asclepias syriaca,Bombus griseocollis,42.0,-73.5,0.5797644539614561
Asclepias syriaca,Bombus griseocollis,43.5,-85.5,0.38223938223938225
Asclepias syriaca,Bombus griseocollis,40.5,-93.0,0.5304428044280443
Asclepias syriaca,Bombus griseocollis,34.5,-79.5,0.7117467043314502
Asclepias syriaca,Bombus griseocollis,39.0,-88.5,0.5330363067589345
Asclepias syriaca,Bombus griseocollis,40.5,-84.0,0.49987663459166054
Asclepias syriaca,Bombus griseocollis,39.0,-79.5,0.5238095238095238
Asclepias syriaca,Bombus griseocollis,45.0,-93.0,0.33035230352303524
Asclepias syriaca,Apis mellifera,40.5,-82.5,0.27365318873040195
Asclepias syriaca,Apis mellifera,37.5,-96.0,0.14110429447852763
Asclepias syriaca,Apis mellifera,36.0,-82.5,0.31526741293532334
Asclepias syriaca,Apis mellifera,37.5,-87.0,0.20051413881748076
Asclepias syriaca,Apis mellifera,37.5,-78.0,0.20614519992629443
Asclepias syriaca,Apis mellifera,42.0,-78.0,0.20018535681186284
Asclepias syriaca,Apis mellifera,43.5,-90.0,0.35761589403973515
Asclepias syriaca,Apis mellifera,34.5,-84.0,0.2154046997389034
Asclepias syriaca,Apis mellifera,43.5,-72.0,0.2885334441213128
Asclepias syriaca,Apis mellifera,39.0,-84.0,0.25146231721034873
Asclepias syriaca,Apis mellifera,39.0,-75.0,0.20712705144753826
Asclepias syriaca,Apis mellifera,37.5,-85.5,0.28711136235161105
Asclepias syriaca,Apis mellifera,42.0,-85.5,0.28756058158319875
Asclepias syriaca,Apis mellifera,37.5,-76.5,0.31063829787234043
Asclepias syriaca,Apis mellifera,42.0,-76.5,0.1724137931034483
Asclepias syriaca,Apis mellifera,34.5,-82.5,0.23407643312101914
Asclepias syriaca,Apis mellifera,43.5,-70.5,0.28946476964769646
Asclepias syriaca,Apis mellifera,40.5,-75.0,0.29304441004076615
Asclepias syriaca,Apis mellifera,40.5,-73.5,0.24860387839111242
Asclepias syriaca,Apis mellifera,42.0,-90.0,0.3219099993293542
Asclepias syriaca,Apis mellifera,37.5,-81.0,0.3548022598870057
Asclepias syriaca,Apis mellifera,43.5,-93.0,0.2702898550724637
Asclepias syriaca,Apis mellifera,42.0,-88.5,0.3136363636363636
Asclepias syriaca,Apis mellifera,42.0,-79.5,0.2542372881355932
Asclepias syriaca,Apis mellifera,43.5,-91.5,0.21000000000000002
Asclepias syriaca,Apis mellifera,40.5,-87.0,0.21495327102803738
Asclepias syriaca,Apis mellifera,36.0,-81.0,0.2709391202095248
Asclepias syriaca,Apis mellifera,45.0,-94.5,0.24269662921348314
Asclepias syriaca,Apis mellifera,40.5,-76.5,0.24222923749392908
Asclepias syriaca,Apis mellifera,37.5,-93.0,0.19617224880382778
Asclepias syriaca,Apis mellifera,45.0,-85.5,0.4516129032258065
Asclepias syriaca,Apis mellifera,37.5,-84.0,0.25384615384615383
Asclepias syriaca,Apis mellifera,36.0,-79.5,0.24022346368715086
Asclepias syriaca,Apis mellifera,43.5,-87.0,0.31304347826086953
Asclepias syriaca,Apis mellifera,42.0,-72.0,0.26759528716082986
Asclepias syriaca,Apis mellifera,39.0,-87.0,0.21021897810218976
Asclepias syriaca,Apis mellifera,39.0,-78.0,0.2544990886296927
Asclepias syriaca,Apis mellifera,43.5,-94.5,0.31157707613679975
Asclepias syriaca,Apis mellifera,43.5,-73.5,0.3283565794477361
Asclepias syriaca,Apis mellifera,39.0,-85.5,0.3004101161995899
Asclepias syriaca,Apis mellifera,40.5,-81.0,0.27793974732750243
Asclepias syriaca,Apis mellifera,39.0,-76.5,0.2961618203223488
Asclepias syriaca,Apis mellifera,40.5,-72.0,0.23211382971985894
Asclepias syriaca,Apis mellifera,40.5,-97.5,0.2493368700265252
Asclepias syriaca,Apis mellifera,40.5,-88.5,0.2981365159128978
Asclepias syriaca,Apis mellifera,40.5,-79.5,0.2490272373540856
Asclepias syriaca,Apis mellifera,40.5,-70.5,0.3783175888439046
Asclepias syriaca,Apis mellifera,42.0,-84.0,0.3112587670727206
Asclepias syriaca,Apis mellifera,46.5,-97.5,0.30612244897959184
Asclepias syriaca,Apis mellifera,42.0,-75.0,0.17325227963525835
Asclepias syriaca,Apis mellifera,34.5,-81.0,0.2685337726523888
Asclepias syriaca,Apis mellifera,43.5,-69.0,0.3008038585209003
Asclepias syriaca,Apis mellifera,39.0,-81.0,0.23095703125
Asclepias syriaca,Apis mellifera,37.5,-82.5,0.2237762237762238
Asclepias syriaca,Apis mellifera,42.0,-73.5,0.36413210445468513
Asclepias syriaca,Apis mellifera,43.5,-85.5,0.2863818424566088
Asclepias syriaca,Apis mellifera,40.5,-93.0,0.22560975609756098
Asclepias syriaca,Apis mellifera,34.5,-79.5,0.2391708039872224
Asclepias syriaca,Apis mellifera,39.0,-88.5,0.22494887525562374
Asclepias syriaca,Apis mellifera,40.5,-84.0,0.2373300370828183
Asclepias syriaca,Apis mellifera,39.0,-79.5,0.26321537789427696
Asclepias syriaca,Apis mellifera,45.0,-93.0,0.29064171122994653
