plant,degree,genus_seen,r10_rank_n,hit_rank_n,r10_rank_tax,hit_rank_tax,r10_rank_n_tax,hit_rank_n_tax,r10_rank_n_tax_ldelta,hit_rank_n_tax_ldelta,r10_rank_full_tax,hit_rank_full_tax,r10_hyb_n_tax,hit_hyb_n_tax,r10_hyb_n_ldelta,hit_hyb_n_ldelta,r10_hyb_n_tax_ldelta,hit_hyb_n_tax_ldelta
Abutilon hypoleucum,1,True,0.0,0.0,0.0,0.0,0.0,0.0,0.0,0.0,0.0,0.0,0.0,0.0,0.0,0.0,0.0,0.0
Abutilon theophrasti,15,True,0.06666666666666667,1.0,0.06666666666666667,1.0,0.13333333333333333,1.0,0.13333333333333333,1.0,0.13333333333333333,1.0,0.06666666666666667,1.0,0.06666666666666667,1.0,0.06666666666666667,1.0
Acer pensylvanicum,1,True,0.0,0.0,0.0,0.0,0.0,0.0,0.0,0.0,0.0,0.0,0.0,0.0,0.0,0.0,0.0,0.0
Achyronychia cooperi,4,False,0.75,1.0,0.0,0.0,0.0,0.0,0.0,0.0,0.0,0.0,0.75,1.0,0.75,1.0,0.75,1.0
Acmella repens,19,False,0.10526315789473684,1.0,0.10526315789473684,1.0,0.15789473684210525,1.0,0.21052631578947367,1.0,0.21052631578947367,1.0,0.10526315789473684,1.0,0.10526315789473684,1.0,0.10526315789473684,1.0
Acmispon maritimus,1,True,0.0,0.0,1.0,1.0,1.0,1.0,1.0,1.0,1.0,1.0,0.0,0.0,0.0,0.0,0.0,0.0
Adelinia grandis,16,False,0.1875,1.0,0.1875,1.0,0.1875,1.0,0.25,1.0,0.125,1.0,0.1875,1.0,0.1875,1.0,0.1875,1.0
Adenostoma sparsifolium,2,True,0.0,0.0,0.5,1.0,0.5,1.0,0.5,1.0,0.0,0.0,0.0,0.0,0.5,1.0,0.5,1.0
Aesculus californica,46,True,0.15217391304347827,1.0,0.021739130434782608,1.0,0.021739130434782608,1.0,0.043478260869565216,1.0,0.021739130434782608,1.0,0.15217391304347827,1.0,0.15217391304347827,1.0,0.15217391304347827,1.0
Ageratina adenophora,2,True,0.0,0.0,0.0,0.0,0.0,0.0,0.0,0.0,0.0,0.0,0.0,0.0,0.0,0.0,0.0,0.0
Ageratina aromatica,13,True,0.07692307692307693,1.0,0.0,0.0,0.0,0.0,0.0,0.0,0.0,0.0,0.07692307692307693,1.0,0.15384615384615385,1.0,0.15384615384615385,1.0
Agrimonia parviflora,1,True,0.0,0.0,0.0,0.0,0.0,0.0,0.0,0.0,0.0,0.0,0.0,0.0,0.0,0.0,0.0,0.0
Allium geyeri,2,True,0.5,1.0,0.0,0.0,0.0,0.0,0.0,0.0,0.0,0.0,0.0,0.0,0.5,1.0,0.5,1.0
Amaranthus palmeri,2,False,0.0,0.0,0.0,0.0,0.0,0.0,0.0,0.0,0.0,0.0,0.0,0.0,0.0,0.0,0.0,0.0
Ambrosia ambrosioides,2,True,0.0,0.0,0.5,1.0,0.5,1.0,0.5,1.0,0.5,1.0,0.0,0.0,0.0,0.0,0.0,0.0
Ambrosia psilostachya,5,True,0.0,0.0,0.0,0.0,0.0,0.0,0.0,0.0,0.0,0.0,0.0,0.0,0.0,0.0,0.0,0.0
Amelanchier laevis,3,True,0.0,0.0,0.0,0.0,0.0,0.0,0.0,0.0,0.0,0.0,0.0,0.0,0.0,0.0,0.0,0.0
Amsonia tomentosa,4,True,0.5,1.0,0.0,0.0,0.0,0.0,0.25,1.0,0.0,0.0,0.5,1.0,0.5,1.0,0.5,1.0
Angelica capitellata,21,True,0.0,0.0,0.047619047619047616,1.0,0.047619047619047616,1.0,0.047619047619047616,1.0,0.047619047619047616,1.0,0.0,0.0,0.0,0.0,0.0,0.0
Anisocarpus madioides,1,False,0.0,0.0,0.0,0.0,0.0,0.0,1.0,1.0,0.0,0.0,0.0,0.0,0.0,0.0,0.0,0.0
Anisocoma acaulis,2,False,0.0,0.0,0.0,0.0,0.0,0.0,0.0,0.0,0.0,0.0,0.0,0.0,0.0,0.0,0.0,0.0
Anthriscus sylvestris,37,False,0.05405405405405406,1.0,0.0,0.0,0.02702702702702703,1.0,0.02702702702702703,1.0,0.0,0.0,0.05405405405405406,1.0,0.05405405405405406,1.0,0.05405405405405406,1.0
Apios americana,33,False,0.06060606060606061,1.0,0.06060606060606061,1.0,0.12121212121212122,1.0,0.12121212121212122,1.0,0.12121212121212122,1.0,0.06060606060606061,1.0,0.06060606060606061,1.0,0.06060606060606061,1.0
Arabidopsis thaliana,1,True,0.0,0.0,1.0,1.0,1.0,1.0,1.0,1.0,1.0,1.0,0.0,0.0,0.0,0.0,0.0,0.0
Aralia racemosa,14,True,0.0,0.0,0.0,0.0,0.0,0.0,0.0,0.0,0.0,0.0,0.0,0.0,0.0,0.0,0.0,0.0
Arctostaphylos bakeri,2,True,0.0,0.0,1.0,1.0,1.0,1.0,1.0,1.0,1.0,1.0,0.5,1.0,0.0,0.0,0.0,0.0
Arctostaphylos hookeri,3,True,0.0,0.0,0.3333333333333333,1.0,0.3333333333333333,1.0,0.3333333333333333,1.0,0.3333333333333333,1.0,0.0,0.0,0.0,0.0,0.0,0.0
Arctostaphylos manzanita,14,True,0.14285714285714285,1.0,0.21428571428571427,1.0,0.21428571428571427,1.0,0.21428571428571427,1.0,0.21428571428571427,1.0,0.14285714285714285,1.0,0.14285714285714285,1.0,0.14285714285714285,1.0
Arctostaphylos nevadensis,4,True,0.0,0.0,0.25,1.0,0.25,1.0,0.25,1.0,0.5,1.0,0.0,0.0,0.0,0.0,0.0,0.0
Arnoglossum atriplicifolium,39,True,0.02564102564102564,1.0,0.1282051282051282,1.0,0.1282051282051282,1.0,0.10256410256410256,1.0,0.1282051282051282,1.0,0.02564102564102564,1.0,0.02564102564102564,1.0,0.02564102564102564,1.0
Arnoglossum ovatum,1,True,0.0,0.0,0.0,0.0,0.0,0.0,0.0,0.0,0.0,0.0,0.0,0.0,0.0,0.0,0.0,0.0
Arnoglossum plantagineum,2,True,0.0,0.0,0.0,0.0,0.0,0.0,0.0,0.0,0.0,0.0,0.0,0.0,0.0,0.0,0.0,0.0
Asclepias californica,6,True,0.3333333333333333,1.0,0.3333333333333333,1.0,0.3333333333333333,1.0,0.3333333333333333,1.0,0.5,1.0,0.5,1.0,0.3333333333333333,1.0,0.3333333333333333,1.0
Asclepias incarnata,257,True,0.03501945525291829,1.0,0.03501945525291829,1.0,0.038910505836575876,1.0,0.038910505836575876,1.0,0.038910505836575876,1.0,0.03501945525291829,1.0,0.03501945525291829,1.0,0.03501945525291829,1.0
Asclepias linaria,3,True,0.3333333333333333,1.0,0.3333333333333333,1.0,0.3333333333333333,1.0,0.3333333333333333,1.0,0.3333333333333333,1.0,0.3333333333333333,1.0,0.0,0.0,0.3333333333333333,1.0
Asclepias speciosa,83,True,0.08433734939759036,1.0,0.07228915662650602,1.0,0.07228915662650602,1.0,0.07228915662650602,1.0,0.07228915662650602,1.0,0.08433734939759036,1.0,0.08433734939759036,1.0,0.08433734939759036,1.0
Asclepias tomentosa,3,True,0.3333333333333333,1.0,0.6666666666666666,1.0,0.6666666666666666,1.0,0.6666666666666666,1.0,0.6666666666666666,1.0,0.3333333333333333,1.0,0.3333333333333333,1.0,0.3333333333333333,1.0
Asclepias viridis,18,True,0.16666666666666666,1.0,0.3333333333333333,1.0,0.3333333333333333,1.0,0.3333333333333333,1.0,0.3333333333333333,1.0,0.16666666666666666,1.0,0.16666666666666666,1.0,0.16666666666666666,1.0
Asimina obovata,1,True,0.0,0.0,0.0,0.0,0.0,0.0,0.0,0.0,0.0,0.0,0.0,0.0,0.0,0.0,0.0,0.0
Asimina reticulata,4,True,0.0,0.0,0.5,1.0,0.5,1.0,0.5,1.0,0.5,1.0,0.0,0.0,0.0,0.0,0.0,0.0
Asparagus officinalis,34,False,0.08823529411764706,1.0,0.029411764705882353,1.0,0.029411764705882353,1.0,0.058823529411764705,1.0,0.029411764705882353,1.0,0.08823529411764706,1.0,0.08823529411764706,1.0,0.08823529411764706,1.0
Astragalus alpinus,8,True,0.0,0.0,0.125,1.0,0.125,1.0,0.125,1.0,0.125,1.0,0.0,0.0,0.0,0.0,0.0,0.0
Astragalus cicer,9,True,0.2222222222222222,1.0,0.4444444444444444,1.0,0.4444444444444444,1.0,0.4444444444444444,1.0,0.4444444444444444,1.0,0.2222222222222222,1.0,0.2222222222222222,1.0,0.2222222222222222,1.0
Astragalus crotalariae,1,True,0.0,0.0,0.0,0.0,0.0,0.0,0.0,0.0,0.0,0.0,0.0,0.0,0.0,0.0,0.0,0.0
Astragalus douglasii,13,True,0.0,0.0,0.0,0.0,0.0,0.0,0.0,0.0,0.0,0.0,0.23076923076923078,1.0,0.07692307692307693,1.0,0.07692307692307693,1.0
Astragalus flexuosus,3,True,0.0,0.0,0.6666666666666666,1.0,0.6666666666666666,1.0,0.6666666666666666,1.0,0.6666666666666666,1.0,0.0,0.0,0.0,0.0,0.0,0.0
Astragalus whitneyi,4,True,0.25,1.0,0.5,1.0,0.5,1.0,0.5,1.0,0.5,1.0,0.25,1.0,0.25,1.0,0.25,1.0
Atriplex canescens,12,True,0.3333333333333333,1.0,0.4166666666666667,1.0,0.4166666666666667,1.0,0.4166666666666667,1.0,0.25,1.0,0.3333333333333333,1.0,0.3333333333333333,1.0,0.3333333333333333,1.0
Aureolaria pectinata,1,True,0.0,0.0,0.0,0.0,0.0,0.0,0.0,0.0,0.0,0.0,0.0,0.0,0.0,0.0,0.0,0.0
Baccharis sergiloides,3,True,0.3333333333333333,1.0,0.3333333333333333,1.0,0.3333333333333333,1.0,0.3333333333333333,1.0,0.3333333333333333,1.0,0.3333333333333333,1.0,0.3333333333333333,1.0,0.3333333333333333,1.0
Balsamorhiza hookeri,5,True,0.2,1.0,0.2,1.0,0.2,1.0,0.2,1.0,0.2,1.0,0.2,1.0,0.2,1.0,0.2,1.0
Baptisia aberrans,1,True,0.0,0.0,0.0,0.0,0.0,0.0,0.0,0.0,0.0,0.0,0.0,0.0,0.0,0.0,0.0,0.0
Baptisia sphaerocarpa,10,True,0.0,0.0,0.2,1.0,0.3,1.0,0.3,1.0,0.4,1.0,0.1,1.0,0.0,0.0,0.0,0.0
Barbarea orthoceras,22,True,0.0,0.0,0.0,0.0,0.0,0.0,0.0,0.0,0.0,0.0,0.0,0.0,0.0,0.0,0.0,0.0
Bebbia juncea,57,False,0.10526315789473684,1.0,0.08771929824561403,1.0,0.14035087719298245,1.0,0.14035087719298245,1.0,0.08771929824561403,1.0,0.10526315789473684,1.0,0.08771929824561403,1.0,0.08771929824561403,1.0
Berberis aquifolium,45,True,0.044444444444444446,1.0,0.1111111111111111,1.0,0.1111111111111111,1.0,0.1111111111111111,1.0,0.1111111111111111,1.0,0.044444444444444446,1.0,0.044444444444444446,1.0,0.044444444444444446,1.0
Berberis trifoliolata,7,True,0.14285714285714285,1.0,0.0,0.0,0.0,0.0,0.14285714285714285,1.0,0.0,0.0,0.14285714285714285,1.0,0.14285714285714285,1.0,0.14285714285714285,1.0
Berlandiera lyrata,13,True,0.23076923076923078,1.0,0.0,0.0,0.0,0.0,0.07692307692307693,1.0,0.07692307692307693,1.0,0.23076923076923078,1.0,0.23076923076923078,1.0,0.23076923076923078,1.0
Bidens aristosa,43,True,0.09302325581395349,1.0,0.16279069767441862,1.0,0.16279069767441862,1.0,0.16279069767441862,1.0,0.18604651162790697,1.0,0.11627906976744186,1.0,0.13953488372093023,1.0,0.13953488372093023,1.0
Bidens polylepis,17,True,0.11764705882352941,1.0,0.29411764705882354,1.0,0.29411764705882354,1.0,0.29411764705882354,1.0,0.29411764705882354,1.0,0.11764705882352941,1.0,0.17647058823529413,1.0,0.17647058823529413,1.0
Boerhavia wrightii,1,True,1.0,1.0,1.0,1.0,1.0,1.0,1.0,1.0,1.0,1.0,1.0,1.0,1.0,1.0,1.0,1.0
Boltonia diffusa,5,True,0.0,0.0,0.0,0.0,0.0,0.0,0.0,0.0,0.0,0.0,0.0,0.0,0.0,0.0,0.0,0.0
Borodinia laevigata,1,False,0.0,0.0,1.0,1.0,1.0,1.0,1.0,1.0,1.0,1.0,0.0,0.0,0.0,0.0,0.0,0.0
Bouteloua curtipendula,1,False,0.0,0.0,0.0,0.0,0.0,0.0,0.0,0.0,0.0,0.0,0.0,0.0,0.0,0.0,0.0,0.0
Bouteloua dactyloides,1,False,0.0,0.0,0.0,0.0,0.0,0.0,0.0,0.0,0.0,0.0,0.0,0.0,0.0,0.0,0.0,0.0
Bouteloua hirsuta,1,False,0.0,0.0,0.0,0.0,0.0,0.0,0.0,0.0,0.0,0.0,0.0,0.0,0.0,0.0,0.0,0.0
Brasenia schreberi,1,False,0.0,0.0,0.0,0.0,0.0,0.0,0.0,0.0,0.0,0.0,0.0,0.0,0.0,0.0,0.0,0.0
Brassica tournefortii,14,True,0.21428571428571427,1.0,0.07142857142857142,1.0,0.07142857142857142,1.0,0.07142857142857142,1.0,0.07142857142857142,1.0,0.21428571428571427,1.0,0.21428571428571427,1.0,0.21428571428571427,1.0
Brickellia desertorum,2,True,0.5,1.0,0.0,0.0,0.0,0.0,0.0,0.0,0.0,0.0,0.0,0.0,0.5,1.0,0.5,1.0
Bromus inermis,4,True,0.0,0.0,0.0,0.0,0.25,1.0,0.0,0.0,0.0,0.0,0.0,0.0,0.0,0.0,0.0,0.0
Buchnera americana,1,False,0.0,0.0,0.0,0.0,0.0,0.0,0.0,0.0,0.0,0.0,0.0,0.0,0.0,0.0,0.0,0.0
Bursera microphylla,1,True,1.0,1.0,0.0,0.0,0.0,0.0,0.0,0.0,0.0,0.0,1.0,1.0,1.0,1.0,1.0,1.0
Callicarpa americana,16,False,0.0625,1.0,0.0625,1.0,0.0625,1.0,0.0625,1.0,0.0625,1.0,0.0625,1.0,0.0625,1.0,0.0625,1.0
Callirhoe leiocarpa,3,True,0.0,0.0,0.3333333333333333,1.0,0.3333333333333333,1.0,0.3333333333333333,1.0,0.0,0.0,0.0,0.0,0.0,0.0,0.0,0.0
Calochortus elegans,1,True,0.0,0.0,0.0,0.0,0.0,0.0,0.0,0.0,0.0,0.0,0.0,0.0,0.0,0.0,0.0,0.0
Calochortus eurycarpus,2,True,0.5,1.0,0.5,1.0,0.5,1.0,0.5,1.0,0.5,1.0,0.5,1.0,0.5,1.0,0.5,1.0
Calochortus invenustus,4,True,0.0,0.0,0.5,1.0,0.5,1.0,0.5,1.0,0.5,1.0,0.5,1.0,0.0,0.0,0.25,1.0
Calochortus palmeri,3,True,0.0,0.0,0.6666666666666666,1.0,0.6666666666666666,1.0,0.6666666666666666,1.0,0.6666666666666666,1.0,0.3333333333333333,1.0,0.3333333333333333,1.0,0.3333333333333333,1.0
Calochortus subalpinus,1,True,0.0,0.0,1.0,1.0,1.0,1.0,1.0,1.0,1.0,1.0,0.0,0.0,0.0,0.0,0.0,0.0
Calochortus superbus,2,True,0.0,0.0,0.5,1.0,0.5,1.0,0.5,1.0,0.5,1.0,0.0,0.0,0.0,0.0,0.0,0.0
Calochortus uniflorus,1,True,0.0,0.0,1.0,1.0,1.0,1.0,1.0,1.0,1.0,1.0,0.0,0.0,0.0,0.0,0.0,0.0
Calystegia purpurata,7,True,0.14285714285714285,1.0,0.7142857142857143,1.0,0.7142857142857143,1.0,0.7142857142857143,1.0,0.5714285714285714,1.0,0.14285714285714285,1.0,0.14285714285714285,1.0,0.2857142857142857,1.0
Camassia scilloides,32,True,0.0625,1.0,0.03125,1.0,0.0625,1.0,0.0625,1.0,0.03125,1.0,0.0625,1.0,0.0625,1.0,0.0625,1.0
Camissoniopsis bistorta,9,True,0.0,0.0,0.2222222222222222,1.0,0.2222222222222222,1.0,0.1111111111111111,1.0,0.2222222222222222,1.0,0.1111111111111111,1.0,0.0,0.0,0.0,0.0
Cardamine diphylla,7,True,0.0,0.0,0.14285714285714285,1.0,0.2857142857142857,1.0,0.42857142857142855,1.0,0.2857142857142857,1.0,0.0,0.0,0.0,0.0,0.0,0.0
Cardamine nuttallii,3,True,0.0,0.0,0.0,0.0,0.0,0.0,0.0,0.0,0.0,0.0,0.0,0.0,0.0,0.0,0.0,0.0
Cardiospermum halicacabum,1,False,0.0,0.0,0.0,0.0,0.0,0.0,0.0,0.0,0.0,0.0,0.0,0.0,0.0,0.0,0.0,0.0
Carica papaya,1,False,1.0,1.0,0.0,0.0,1.0,1.0,0.0,0.0,0.0,0.0,1.0,1.0,1.0,1.0,1.0,1.0
Cartrema americana,2,False,0.5,1.0,0.5,1.0,0.5,1.0,0.5,1.0,0.0,0.0,0.5,1.0,0.5,1.0,0.5,1.0
Castanea dentata,16,True,0.0625,1.0,0.0,0.0,0.0,0.0,0.0,0.0,0.0,0.0,0.0625,1.0,0.0625,1.0,0.0625,1.0
Castanea mollissima,11,True,0.0,0.0,0.0,0.0,0.0,0.0,0.0,0.0,0.0,0.0,0.0,0.0,0.0,0.0,0.0,0.0
Castilleja attenuata,1,True,0.0,0.0,0.0,0.0,0.0,0.0,0.0,0.0,0.0,0.0,0.0,0.0,0.0,0.0,0.0,0.0
Castilleja densiflora,3,True,0.0,0.0,0.6666666666666666,1.0,0.6666666666666666,1.0,0.6666666666666666,1.0,0.6666666666666666,1.0,0.0,0.0,0.0,0.0,0.0,0.0
Castilleja rhexiifolia,5,True,0.0,0.0,0.6,1.0,0.6,1.0,0.6,1.0,0.6,1.0,0.0,0.0,0.0,0.0,0.0,0.0
Ceanothus americanus,142,True,0.02112676056338028,1.0,0.0,0.0,0.0,0.0,0.0,0.0,0.0,0.0,0.02112676056338028,1.0,0.02112676056338028,1.0,0.02112676056338028,1.0
Ceanothus verrucosus,3,True,0.3333333333333333,1.0,0.6666666666666666,1.0,0.6666666666666666,1.0,0.6666666666666666,1.0,0.6666666666666666,1.0,0.0,0.0,0.0,0.0,0.0,0.0
Cenchrus setaceus,1,False,0.0,0.0,0.0,0.0,0.0,0.0,0.0,0.0,0.0,0.0,0.0,0.0,0.0,0.0,0.0,0.0
Centaurea cyanus,61,True,0.06557377049180328,1.0,0.08196721311475409,1.0,0.09836065573770492,1.0,0.09836065573770492,1.0,0.06557377049180328,1.0,0.06557377049180328,1.0,0.06557377049180328,1.0,0.06557377049180328,1.0
Centromadia pungens,13,True,0.23076923076923078,1.0,0.46153846153846156,1.0,0.46153846153846156,1.0,0.46153846153846156,1.0,0.46153846153846156,1.0,0.15384615384615385,1.0,0.07692307692307693,1.0,0.15384615384615385,1.0
Cerastium fontanum,7,True,0.2857142857142857,1.0,0.14285714285714285,1.0,0.2857142857142857,1.0,0.2857142857142857,1.0,0.0,0.0,0.2857142857142857,1.0,0.2857142857142857,1.0,0.2857142857142857,1.0
Cerastium velutinum,4,True,0.0,0.0,0.0,0.0,0.0,0.0,0.25,1.0,0.0,0.0,0.0,0.0,0.0,0.0,0.0,0.0
Ceratiola ericoides,1,False,0.0,0.0,0.0,0.0,0.0,0.0,0.0,0.0,0.0,0.0,0.0,0.0,1.0,1.0,1.0,1.0
Cercis occidentalis,13,False,0.23076923076923078,1.0,0.07692307692307693,1.0,0.07692307692307693,1.0,0.15384615384615385,1.0,0.15384615384615385,1.0,0.23076923076923078,1.0,0.23076923076923078,1.0,0.23076923076923078,1.0
Cercocarpus montanus,4,True,0.0,0.0,0.0,0.0,0.0,0.0,0.0,0.0,0.0,0.0,0.0,0.0,0.0,0.0,0.0,0.0
Chaenactis glabriuscula,42,True,0.14285714285714285,1.0,0.11904761904761904,1.0,0.09523809523809523,1.0,0.11904761904761904,1.0,0.11904761904761904,1.0,0.16666666666666666,1.0,0.11904761904761904,1.0,0.14285714285714285,1.0
Chamaenerion angustifolium,96,False,0.020833333333333332,1.0,0.03125,1.0,0.041666666666666664,1.0,0.041666666666666664,1.0,0.0625,1.0,0.020833333333333332,1.0,0.020833333333333332,1.0,0.020833333333333332,1.0
Chimaphila maculata,2,False,0.0,0.0,0.0,0.0,0.5,1.0,0.5,1.0,0.5,1.0,0.0,0.0,0.0,0.0,0.0,0.0
Chimaphila umbellata,9,False,0.0,0.0,0.2222222222222222,1.0,0.2222222222222222,1.0,0.3333333333333333,1.0,0.6666666666666666,1.0,0.0,0.0,0.0,0.0,0.0,0.0
Chiococca alba,4,False,0.0,0.0,0.0,0.0,0.0,0.0,0.0,0.0,0.0,0.0,0.0,0.0,0.0,0.0,0.0,0.0
Chorispora tenella,3,False,0.0,0.0,0.3333333333333333,1.0,0.3333333333333333,1.0,0.6666666666666666,1.0,0.6666666666666666,1.0,0.0,0.0,0.0,0.0,0.0,0.0
Chorizanthe rigida,1,True,1.0,1.0,1.0,1.0,1.0,1.0,1.0,1.0,1.0,1.0,1.0,1.0,1.0,1.0,1.0,1.0
Chromolaena odorata,82,False,0.0975609756097561,1.0,0.024390243902439025,1.0,0.06097560975609756,1.0,0.08536585365853659,1.0,0.06097560975609756,1.0,0.0975609756097561,1.0,0.0975609756097561,1.0,0.0975609756097561,1.0
Chrysobalanus icaco,20,False,0.05,1.0,0.0,0.0,0.05,1.0,0.1,1.0,0.05,1.0,0.05,1.0,0.15,1.0,0.15,1.0
Chrysolepis chrysophylla,2,True,0.5,1.0,0.5,1.0,0.5,1.0,0.5,1.0,0.5,1.0,0.5,1.0,0.5,1.0,0.5,1.0
Chrysothamnus viscidiflorus,43,False,0.06976744186046512,1.0,0.046511627906976744,1.0,0.06976744186046512,1.0,0.06976744186046512,1.0,0.11627906976744186,1.0,0.06976744186046512,1.0,0.06976744186046512,1.0,0.06976744186046512,1.0
Chylismia cardiophylla,3,True,0.6666666666666666,1.0,0.6666666666666666,1.0,0.6666666666666666,1.0,0.6666666666666666,1.0,0.3333333333333333,1.0,0.6666666666666666,1.0,0.6666666666666666,1.0,0.6666666666666666,1.0
Cirsium andersonii,11,True,0.09090909090909091,1.0,0.18181818181818182,1.0,0.18181818181818182,1.0,0.18181818181818182,1.0,0.18181818181818182,1.0,0.0,0.0,0.18181818181818182,1.0,0.09090909090909091,1.0
Cirsium occidentale,40,True,0.15,1.0,0.05,1.0,0.05,1.0,0.05,1.0,0.05,1.0,0.175,1.0,0.15,1.0,0.15,1.0
Cirsium remotifolium,3,True,0.0,0.0,0.3333333333333333,1.0,0.3333333333333333,1.0,0.3333333333333333,1.0,0.6666666666666666,1.0,0.0,0.0,0.3333333333333333,1.0,0.3333333333333333,1.0
Cirsium undulatum,49,True,0.04081632653061224,1.0,0.10204081632653061,1.0,0.10204081632653061,1.0,0.10204081632653061,1.0,0.12244897959183673,1.0,0.04081632653061224,1.0,0.04081632653061224,1.0,0.04081632653061224,1.0
Clarkia cylindrica,3,True,0.0,0.0,0.3333333333333333,1.0,0.3333333333333333,1.0,0.3333333333333333,1.0,0.3333333333333333,1.0,0.0,0.0,0.3333333333333333,1.0,0.3333333333333333,1.0
Clarkia rhomboidea,4,True,0.0,0.0,0.5,1.0,0.5,1.0,0.5,1.0,0.5,1.0,0.25,1.0,0.0,0.0,0.0,0.0
Claytonia gypsophiloides,1,True,0.0,0.0,0.0,0.0,0.0,0.0,0.0,0.0,0.0,0.0,0.0,0.0,0.0,0.0,0.0,0.0
Claytonia perfoliata,21,True,0.047619047619047616,1.0,0.0,0.0,0.0,0.0,0.0,0.0,0.0,0.0,0.047619047619047616,1.0,0.047619047619047616,1.0,0.047619047619047616,1.0
Claytonia sibirica,10,True,0.0,0.0,0.0,0.0,0.0,0.0,0.0,0.0,0.0,0.0,0.0,0.0,0.0,0.0,0.0,0.0
Clematis virginiana,139,True,0.04316546762589928,1.0,0.03597122302158273,1.0,0.03597122302158273,1.0,0.03597122302158273,1.0,0.04316546762589928,1.0,0.050359712230215826,1.0,0.04316546762589928,1.0,0.04316546762589928,1.0
Cliftonia monophylla,1,False,0.0,0.0,0.0,0.0,0.0,0.0,0.0,0.0,0.0,0.0,0.0,0.0,0.0,0.0,0.0,0.0
Clinopodium chandleri,1,True,0.0,0.0,0.0,0.0,0.0,0.0,0.0,0.0,0.0,0.0,0.0,0.0,0.0,0.0,0.0,0.0
Cochemiea dioica,3,False,0.3333333333333333,1.0,0.3333333333333333,1.0,0.3333333333333333,1.0,0.6666666666666666,1.0,0.3333333333333333,1.0,0.3333333333333333,1.0,0.0,0.0,0.0,0.0
Collinsia verna,25,True,0.0,0.0,0.04,1.0,0.04,1.0,0.04,1.0,0.04,1.0,0.04,1.0,0.04,1.0,0.04,1.0
Colocasia esculenta,1,False,0.0,0.0,0.0,0.0,0.0,0.0,0.0,0.0,0.0,0.0,0.0,0.0,0.0,0.0,0.0,0.0
Comarum palustre,4,False,0.0,0.0,0.0,0.0,0.0,0.0,0.0,0.0,0.25,1.0,0.0,0.0,0.0,0.0,0.0,0.0
Commelina diffusa,3,True,0.3333333333333333,1.0,0.3333333333333333,1.0,0.3333333333333333,1.0,0.3333333333333333,1.0,0.3333333333333333,1.0,0.3333333333333333,1.0,0.3333333333333333,1.0,0.3333333333333333,1.0
Comptonia peregrina,5,False,0.2,1.0,0.0,0.0,0.0,0.0,0.0,0.0,0.0,0.0,0.2,1.0,0.2,1.0,0.2,1.0
Conium maculatum,64,False,0.0625,1.0,0.015625,1.0,0.09375,1.0,0.09375,1.0,0.109375,1.0,0.0625,1.0,0.0625,1.0,0.0625,1.0
Cordylanthus rigidus,10,True,0.1,1.0,0.3,1.0,0.3,1.0,0.3,1.0,0.3,1.0,0.2,1.0,0.1,1.0,0.1,1.0
Coreopsis leavenworthii,15,True,0.13333333333333333,1.0,0.0,0.0,0.0,0.0,0.0,0.0,0.06666666666666667,1.0,0.2,1.0,0.13333333333333333,1.0,0.26666666666666666,1.0
Cornus foemina,5,True,0.2,1.0,0.4,1.0,0.4,1.0,0.4,1.0,0.4,1.0,0.2,1.0,0.2,1.0,0.2,1.0
Corydalis aurea,5,True,0.0,0.0,0.0,0.0,0.0,0.0,0.0,0.0,0.0,0.0,0.0,0.0,0.0,0.0,0.0,0.0
Crataegus crus-galli,19,True,0.05263157894736842,1.0,0.15789473684210525,1.0,0.15789473684210525,1.0,0.15789473684210525,1.0,0.15789473684210525,1.0,0.05263157894736842,1.0,0.05263157894736842,1.0,0.05263157894736842,1.0
Crotalaria rotundifolia,2,True,0.0,0.0,0.5,1.0,0.5,1.0,0.5,1.0,0.5,1.0,0.0,0.0,0.0,0.0,0.0,0.0
Croton michauxii,1,True,0.0,0.0,0.0,0.0,0.0,0.0,0.0,0.0,0.0,0.0,0.0,0.0,0.0,0.0,0.0,0.0
Cucumis melo,23,False,0.0,0.0,0.0,0.0,0.0,0.0,0.043478260869565216,1.0,0.0,0.0,0.0,0.0,0.0,0.0,0.0,0.0
Cydonia oblonga,2,False,0.0,0.0,0.5,1.0,0.5,1.0,0.0,0.0,0.0,0.0,0.0,0.0,0.0,0.0,0.0,0.0
Cylindropuntia echinocarpa,6,True,0.5,1.0,0.3333333333333333,1.0,0.3333333333333333,1.0,0.3333333333333333,1.0,0.3333333333333333,1.0,0.6666666666666666,1.0,0.6666666666666666,1.0,0.6666666666666666,1.0
Cynoglossum officinale,33,False,0.030303030303030304,1.0,0.12121212121212122,1.0,0.21212121212121213,1.0,0.21212121212121213,1.0,0.2727272727272727,1.0,0.030303030303030304,1.0,0.030303030303030304,1.0,0.030303030303030304,1.0
Delphinium treleasei,1,True,0.0,0.0,0.0,0.0,0.0,0.0,0.0,0.0,0.0,0.0,0.0,0.0,0.0,0.0,0.0,0.0
Delphinium variegatum,3,True,0.6666666666666666,1.0,0.3333333333333333,1.0,0.3333333333333333,1.0,0.3333333333333333,1.0,0.3333333333333333,1.0,0.6666666666666666,1.0,0.3333333333333333,1.0,0.3333333333333333,1.0
Desmodium canadense,42,True,0.09523809523809523,1.0,0.09523809523809523,1.0,0.07142857142857142,1.0,0.07142857142857142,1.0,0.07142857142857142,1.0,0.11904761904761904,1.0,0.11904761904761904,1.0,0.11904761904761904,1.0
Desmodium sessilifolium,14,True,0.0,0.0,0.21428571428571427,1.0,0.21428571428571427,1.0,0.21428571428571427,1.0,0.21428571428571427,1.0,0.0,0.0,0.0,0.0,0.0,0.0
Diapensia lapponica,8,False,0.0,0.0,0.0,0.0,0.125,1.0,0.0,0.0,0.0,0.0,0.0,0.0,0.0,0.0,0.0,0.0
Dicentra eximia,12,True,0.08333333333333333,1.0,0.5,1.0,0.5,1.0,0.5,1.0,0.5833333333333334,1.0,0.08333333333333333,1.0,0.0,0.0,0.0,0.0
Dichanthelium clandestinum,5,False,0.0,0.0,0.0,0.0,0.0,0.0,0.0,0.0,0.0,0.0,0.2,1.0,0.2,1.0,0.2,1.0
Dichelostemma volubile,1,True,0.0,0.0,1.0,1.0,1.0,1.0,1.0,1.0,1.0,1.0,0.0,0.0,0.0,0.0,0.0,0.0
Dieteria canescens,17,False,0.0,0.0,0.23529411764705882,1.0,0.23529411764705882,1.0,0.23529411764705882,1.0,0.23529411764705882,1.0,0.058823529411764705,1.0,0.058823529411764705,1.0,0.058823529411764705,1.0
Diodia virginiana,3,False,0.3333333333333333,1.0,0.0,0.0,0.6666666666666666,1.0,0.6666666666666666,1.0,0.3333333333333333,1.0,0.3333333333333333,1.0,0.3333333333333333,1.0,0.3333333333333333,1.0
Diospyros virginiana,22,True,0.0,0.0,0.0,0.0,0.0,0.0,0.0,0.0,0.045454545454545456,1.0,0.0,0.0,0.0,0.0,0.0,0.0
Diplacus aurantiacus,9,True,0.0,0.0,0.1111111111111111,1.0,0.1111111111111111,1.0,0.1111111111111111,1.0,0.1111111111111111,1.0,0.0,0.0,0.1111111111111111,1.0,0.1111111111111111,1.0
Diplacus brevipes,3,True,0.0,0.0,0.0,0.0,0.0,0.0,0.3333333333333333,1.0,0.3333333333333333,1.0,0.3333333333333333,1.0,0.0,0.0,0.0,0.0
Dipterostemon capitatus,15,False,0.13333333333333333,1.0,0.06666666666666667,1.0,0.13333333333333333,1.0,0.06666666666666667,1.0,0.0,0.0,0.13333333333333333,1.0,0.13333333333333333,1.0,0.13333333333333333,1.0
Dithyrea californica,1,False,1.0,1.0,0.0,0.0,1.0,1.0,1.0,1.0,0.0,0.0,1.0,1.0,1.0,1.0,1.0,1.0
Draba verna,2,False,0.0,0.0,0.0,0.0,0.0,0.0,0.0,0.0,0.5,1.0,0.0,0.0,0.0,0.0,0.0,0.0
Dryas hookeriana,1,False,0.0,0.0,0.0,0.0,0.0,0.0,0.0,0.0,0.0,0.0,0.0,0.0,0.0,0.0,0.0,0.0
Dudleya edulis,6,True,0.0,0.0,0.5,1.0,0.5,1.0,0.6666666666666666,1.0,0.5,1.0,0.3333333333333333,1.0,0.0,0.0,0.0,0.0
Dysphania ambrosioides,1,False,0.0,0.0,0.0,0.0,0.0,0.0,0.0,0.0,0.0,0.0,0.0,0.0,0.0,0.0,0.0,0.0
Echinocereus fendleri,1,True,0.0,0.0,1.0,1.0,1.0,1.0,1.0,1.0,1.0,1.0,0.0,0.0,0.0,0.0,0.0,0.0
Ehretia anacua,3,False,0.0,0.0,0.0,0.0,0.0,0.0,0.0,0.0,0.0,0.0,0.6666666666666666,1.0,0.3333333333333333,1.0,0.3333333333333333,1.0
Elaeagnus angustifolia,11,True,0.09090909090909091,1.0,0.0,0.0,0.2727272727272727,1.0,0.2727272727272727,1.0,0.0,0.0,0.09090909090909091,1.0,0.09090909090909091,1.0,0.09090909090909091,1.0
Elephantopus tomentosus,11,True,0.2727272727272727,1.0,0.09090909090909091,1.0,0.09090909090909091,1.0,0.09090909090909091,1.0,0.18181818181818182,1.0,0.2727272727272727,1.0,0.2727272727272727,1.0,0.2727272727272727,1.0
Elymus virginicus,1,False,0.0,0.0,0.0,0.0,0.0,0.0,0.0,0.0,0.0,0.0,1.0,1.0,0.0,0.0,0.0,0.0
Epilobium brachycarpum,8,True,0.125,1.0,0.25,1.0,0.25,1.0,0.25,1.0,0.25,1.0,0.125,1.0,0.125,1.0,0.125,1.0
Eremalche exilis,2,False,0.5,1.0,0.0,0.0,0.0,0.0,0.0,0.0,0.0,0.0,0.0,0.0,0.0,0.0,0.0,0.0
Eremogone congesta,4,True,0.25,1.0,0.0,0.0,0.0,0.0,0.0,0.0,0.0,0.0,0.25,1.0,0.25,1.0,0.25,1.0
Ericameria cuneata,5,True,0.4,1.0,0.6,1.0,0.6,1.0,0.6,1.0,0.6,1.0,0.4,1.0,0.4,1.0,0.4,1.0
Ericameria parishii,10,True,0.0,0.0,0.3,1.0,0.3,1.0,0.3,1.0,0.3,1.0,0.0,0.0,0.1,1.0,0.1,1.0
Ericameria resinosa,1,True,0.0,0.0,0.0,0.0,0.0,0.0,0.0,0.0,0.0,0.0,0.0,0.0,0.0,0.0,0.0,0.0
Erigeron divergens,16,True,0.0,0.0,0.0625,1.0,0.0625,1.0,0.0625,1.0,0.0625,1.0,0.0,0.0,0.0,0.0,0.0,0.0
Erigeron speciosus,55,True,0.0,0.0,0.10909090909090909,1.0,0.10909090909090909,1.0,0.10909090909090909,1.0,0.10909090909090909,1.0,0.0,0.0,0.0,0.0,0.0,0.0
Eriocaulon compressum,1,True,0.0,0.0,0.0,0.0,0.0,0.0,0.0,0.0,0.0,0.0,0.0,0.0,0.0,0.0,0.0,0.0
Eriodictyon angustifolium,1,True,0.0,0.0,0.0,0.0,0.0,0.0,0.0,0.0,0.0,0.0,0.0,0.0,0.0,0.0,0.0,0.0
Eriogonum gracile,4,True,0.0,0.0,0.5,1.0,0.5,1.0,0.5,1.0,0.5,1.0,0.25,1.0,0.0,0.0,0.25,1.0
Eriogonum incanum,2,True,0.0,0.0,0.0,0.0,0.0,0.0,0.0,0.0,0.0,0.0,0.0,0.0,0.0,0.0,0.0,0.0
Eriogonum plumatella,20,True,0.05,1.0,0.2,1.0,0.2,1.0,0.2,1.0,0.2,1.0,0.1,1.0,0.1,1.0,0.1,1.0
Erodium cicutarium,49,True,0.14285714285714285,1.0,0.14285714285714285,1.0,0.14285714285714285,1.0,0.14285714285714285,1.0,0.14285714285714285,1.0,0.14285714285714285,1.0,0.14285714285714285,1.0,0.14285714285714285,1.0
Eryngium aristulatum,2,True,0.0,0.0,0.0,0.0,0.0,0.0,0.0,0.0,0.0,0.0,0.0,0.0,0.0,0.0,0.0,0.0
Eryngium yuccifolium,219,True,0.0365296803652968,1.0,0.0319634703196347,1.0,0.0319634703196347,1.0,0.0319634703196347,1.0,0.0319634703196347,1.0,0.0365296803652968,1.0,0.0365296803652968,1.0,0.0365296803652968,1.0
Erythronium umbilicatum,10,True,0.2,1.0,0.2,1.0,0.2,1.0,0.2,1.0,0.1,1.0,0.1,1.0,0.2,1.0,0.2,1.0
Eubotrys racemosa,2,False,0.5,1.0,0.5,1.0,1.0,1.0,1.0,1.0,0.5,1.0,1.0,1.0,0.5,1.0,0.5,1.0
Eucalyptus globulus,5,False,0.0,0.0,0.2,1.0,0.2,1.0,0.4,1.0,0.2,1.0,0.0,0.0,0.2,1.0,0.2,1.0
Euonymus atropurpureus,14,True,0.0,0.0,0.0,0.0,0.0,0.0,0.0,0.0,0.0,0.0,0.0,0.0,0.0,0.0,0.0,0.0
Eupatorium capillifolium,16,True,0.1875,1.0,0.125,1.0,0.125,1.0,0.125,1.0,0.0625,1.0,0.1875,1.0,0.1875,1.0,0.1875,1.0
Eupatorium leptophyllum,3,True,0.0,0.0,0.0,0.0,0.0,0.0,0.0,0.0,0.0,0.0,0.0,0.0,0.3333333333333333,1.0,0.0,0.0
Euphorbia cyparissias,33,True,0.0,0.0,0.0,0.0,0.06060606060606061,1.0,0.06060606060606061,1.0,0.0,0.0,0.0,0.0,0.0,0.0,0.0,0.0
Euphorbia oblongata,9,True,0.0,0.0,0.1111111111111111,1.0,0.1111111111111111,1.0,0.1111111111111111,1.0,0.1111111111111111,1.0,0.1111111111111111,1.0,0.0,0.0,0.0,0.0
Euphorbia serpillifolia,1,True,0.0,0.0,0.0,0.0,0.0,0.0,0.0,0.0,0.0,0.0,0.0,0.0,0.0,0.0,0.0,0.0
Euploca polyphylla,10,False,0.1,1.0,0.0,0.0,0.0,0.0,0.0,0.0,0.0,0.0,0.1,1.0,0.0,0.0,0.0,0.0
Eurybia divaricata,86,True,0.03488372093023256,1.0,0.09302325581395349,1.0,0.09302325581395349,1.0,0.09302325581395349,1.0,0.09302325581395349,1.0,0.06976744186046512,1.0,0.046511627906976744,1.0,0.046511627906976744,1.0
Eurybia radulina,1,True,1.0,1.0,0.0,0.0,0.0,0.0,0.0,0.0,0.0,0.0,1.0,1.0,1.0,1.0,1.0,1.0
Eurybia schreberi,2,True,0.0,0.0,0.0,0.0,0.0,0.0,0.0,0.0,0.0,0.0,0.0,0.0,0.0,0.0,0.0,0.0
Eustoma exaltatum,1,False,0.0,0.0,1.0,1.0,1.0,1.0,1.0,1.0,0.0,0.0,0.0,0.0,0.0,0.0,0.0,0.0
Fallugia paradoxa,28,False,0.17857142857142858,1.0,0.03571428571428571,1.0,0.03571428571428571,1.0,0.07142857142857142,1.0,0.03571428571428571,1.0,0.17857142857142858,1.0,0.17857142857142858,1.0,0.17857142857142858,1.0
Forestiera segregata,2,False,0.0,0.0,0.5,1.0,0.5,1.0,0.5,1.0,0.5,1.0,0.5,1.0,0.5,1.0,0.5,1.0
Fouquieria splendens,13,False,0.23076923076923078,1.0,0.0,0.0,0.23076923076923078,1.0,0.46153846153846156,1.0,0.07692307692307693,1.0,0.23076923076923078,1.0,0.23076923076923078,1.0,0.23076923076923078,1.0
Fragaria chiloensis,13,True,0.15384615384615385,1.0,0.23076923076923078,1.0,0.23076923076923078,1.0,0.23076923076923078,1.0,0.3076923076923077,1.0,0.15384615384615385,1.0,0.15384615384615385,1.0,0.15384615384615385,1.0
Frasera albicaulis,8,True,0.0,0.0,0.25,1.0,0.375,1.0,0.5,1.0,0.375,1.0,0.0,0.0,0.0,0.0,0.0,0.0
Frasera fastigiata,3,True,0.6666666666666666,1.0,0.3333333333333333,1.0,0.3333333333333333,1.0,0.3333333333333333,1.0,0.6666666666666666,1.0,0.6666666666666666,1.0,0.0,0.0,0.0,0.0
Frasera parryi,6,True,0.0,0.0,0.0,0.0,0.0,0.0,0.0,0.0,0.0,0.0,0.16666666666666666,1.0,0.0,0.0,0.0,0.0
Fraxinus velutina,1,True,0.0,0.0,0.0,0.0,0.0,0.0,0.0,0.0,0.0,0.0,0.0,0.0,0.0,0.0,0.0,0.0
Fumaria capreolata,1,False,0.0,0.0,0.0,0.0,1.0,1.0,1.0,1.0,1.0,1.0,0.0,0.0,0.0,0.0,0.0,0.0
Funastrum heterophyllum,18,True,0.16666666666666666,1.0,0.2222222222222222,1.0,0.2777777777777778,1.0,0.2777777777777778,1.0,0.16666666666666666,1.0,0.2222222222222222,1.0,0.16666666666666666,1.0,0.16666666666666666,1.0
Gaillardia pinnatifida,9,True,0.3333333333333333,1.0,0.3333333333333333,1.0,0.3333333333333333,1.0,0.3333333333333333,1.0,0.2222222222222222,1.0,0.4444444444444444,1.0,0.3333333333333333,1.0,0.4444444444444444,1.0
Galanthus nivalis,11,False,0.09090909090909091,1.0,0.09090909090909091,1.0,0.18181818181818182,1.0,0.09090909090909091,1.0,0.2727272727272727,1.0,0.09090909090909091,1.0,0.09090909090909091,1.0,0.09090909090909091,1.0
Galearis spectabilis,21,False,0.047619047619047616,1.0,0.047619047619047616,1.0,0.09523809523809523,1.0,0.09523809523809523,1.0,0.047619047619047616,1.0,0.047619047619047616,1.0,0.047619047619047616,1.0,0.047619047619047616,1.0
Galium aparine,21,True,0.09523809523809523,1.0,0.09523809523809523,1.0,0.047619047619047616,1.0,0.047619047619047616,1.0,0.047619047619047616,1.0,0.09523809523809523,1.0,0.09523809523809523,1.0,0.09523809523809523,1.0
Garberia heterophylla,14,False,0.0,0.0,0.07142857142857142,1.0,0.07142857142857142,1.0,0.21428571428571427,1.0,0.21428571428571427,1.0,0.07142857142857142,1.0,0.07142857142857142,1.0,0.07142857142857142,1.0
Gelsemium sempervirens,10,False,0.2,1.0,0.0,0.0,0.2,1.0,0.1,1.0,0.0,0.0,0.2,1.0,0.2,1.0,0.2,1.0
Genista monspessulana,3,False,0.6666666666666666,1.0,0.3333333333333333,1.0,0.3333333333333333,1.0,0.6666666666666666,1.0,0.6666666666666666,1.0,0.6666666666666666,1.0,0.6666666666666666,1.0,0.6666666666666666,1.0
Geobalanus oblongifolius,17,False,0.0,0.0,0.0,0.0,0.0,0.0,0.058823529411764705,1.0,0.0,0.0,0.0,0.0,0.0,0.0,0.0,0.0
Geranium sanguineum,9,True,0.2222222222222222,1.0,0.1111111111111111,1.0,0.2222222222222222,1.0,0.2222222222222222,1.0,0.1111111111111111,1.0,0.2222222222222222,1.0,0.2222222222222222,1.0,0.2222222222222222,1.0
Geranium viscosissimum,41,True,0.0,0.0,0.14634146341463414,1.0,0.17073170731707318,1.0,0.17073170731707318,1.0,0.21951219512195122,1.0,0.024390243902439025,1.0,0.024390243902439025,1.0,0.024390243902439025,1.0
Glandularia bipinnatifida,22,True,0.2727272727272727,1.0,0.13636363636363635,1.0,0.22727272727272727,1.0,0.22727272727272727,1.0,0.13636363636363635,1.0,0.3181818181818182,1.0,0.2727272727272727,1.0,0.2727272727272727,1.0
Gnaphalium palustre,1,False,1.0,1.0,0.0,0.0,1.0,1.0,1.0,1.0,0.0,0.0,1.0,1.0,1.0,1.0,1.0,1.0
Gutierrezia microcephala,3,True,0.3333333333333333,1.0,0.0,0.0,0.0,0.0,0.0,0.0,0.0,0.0,0.3333333333333333,1.0,0.3333333333333333,1.0,0.3333333333333333,1.0
Gutierrezia sarothrae,43,True,0.06976744186046512,1.0,0.16279069767441862,1.0,0.13953488372093023,1.0,0.11627906976744186,1.0,0.13953488372093023,1.0,0.06976744186046512,1.0,0.06976744186046512,1.0,0.06976744186046512,1.0
Halesia diptera,5,False,0.4,1.0,0.0,0.0,0.2,1.0,0.2,1.0,0.0,0.0,0.4,1.0,0.4,1.0,0.4,1.0
Hamamelis virginiana,16,True,0.1875,1.0,0.125,1.0,0.3125,1.0,0.3125,1.0,0.3125,1.0,0.1875,1.0,0.1875,1.0,0.1875,1.0
Hamelia patens,77,False,0.03896103896103896,1.0,0.025974025974025976,1.0,0.025974025974025976,1.0,0.09090909090909091,1.0,0.07792207792207792,1.0,0.03896103896103896,1.0,0.03896103896103896,1.0,0.025974025974025976,1.0
Hartwrightia floridana,3,False,0.0,0.0,0.3333333333333333,1.0,0.3333333333333333,1.0,0.0,0.0,0.0,0.0,0.0,0.0,0.0,0.0,0.0,0.0
Hedeoma pulegioides,19,False,0.0,0.0,0.0,0.0,0.0,0.0,0.0,0.0,0.0,0.0,0.0,0.0,0.0,0.0,0.0,0.0
Helianthella castanea,1,True,0.0,0.0,0.0,0.0,0.0,0.0,0.0,0.0,0.0,0.0,0.0,0.0,0.0,0.0,0.0,0.0
Helianthus argophyllus,1,True,0.0,0.0,1.0,1.0,1.0,1.0,1.0,1.0,1.0,1.0,0.0,0.0,0.0,0.0,0.0,0.0
Helianthus giganteus,25,True,0.08,1.0,0.24,1.0,0.24,1.0,0.28,1.0,0.28,1.0,0.08,1.0,0.12,1.0,0.12,1.0
Helianthus mollis,24,True,0.08333333333333333,1.0,0.20833333333333334,1.0,0.20833333333333334,1.0,0.20833333333333334,1.0,0.20833333333333334,1.0,0.08333333333333333,1.0,0.08333333333333333,1.0,0.08333333333333333,1.0
Heliomeris multiflora,12,False,0.08333333333333333,1.0,0.08333333333333333,1.0,0.08333333333333333,1.0,0.08333333333333333,1.0,0.25,1.0,0.08333333333333333,1.0,0.08333333333333333,1.0,0.08333333333333333,1.0
Heliotropium indicum,4,True,0.0,0.0,0.25,1.0,0.25,1.0,0.25,1.0,0.25,1.0,0.0,0.0,0.0,0.0,0.0,0.0
Helminthotheca echioides,55,False,0.07272727272727272,1.0,0.14545454545454545,1.0,0.14545454545454545,1.0,0.14545454545454545,1.0,0.07272727272727272,1.0,0.07272727272727272,1.0,0.10909090909090909,1.0,0.10909090909090909,1.0
Hesperocallis undulata,2,False,0.0,0.0,0.0,0.0,0.5,1.0,0.5,1.0,0.0,0.0,0.0,0.0,0.0,0.0,0.0,0.0
Heterotheca subaxillaris,54,True,0.09259259259259259,1.0,0.07407407407407407,1.0,0.07407407407407407,1.0,0.07407407407407407,1.0,0.07407407407407407,1.0,0.09259259259259259,1.0,0.09259259259259259,1.0,0.09259259259259259,1.0
Heuchera parviflora,1,True,0.0,0.0,0.0,0.0,0.0,0.0,0.0,0.0,0.0,0.0,0.0,0.0,0.0,0.0,0.0,0.0
Hexasepalum teres,19,False,0.05263157894736842,1.0,0.05263157894736842,1.0,0.21052631578947367,1.0,0.2631578947368421,1.0,0.2631578947368421,1.0,0.05263157894736842,1.0,0.05263157894736842,1.0,0.05263157894736842,1.0
Hibiscus coccineus,4,True,0.5,1.0,0.0,0.0,0.0,0.0,0.0,0.0,0.0,0.0,0.5,1.0,0.0,0.0,0.0,0.0
Hibiscus laevis,27,True,0.0,0.0,0.18518518518518517,1.0,0.2222222222222222,1.0,0.2222222222222222,1.0,0.2222222222222222,1.0,0.0,0.0,0.0,0.0,0.0,0.0
Hibiscus syriacus,49,True,0.08163265306122448,1.0,0.061224489795918366,1.0,0.061224489795918366,1.0,0.08163265306122448,1.0,0.08163265306122448,1.0,0.08163265306122448,1.0,0.08163265306122448,1.0,0.08163265306122448,1.0
Hirschfeldia incana,73,False,0.1095890410958904,1.0,0.0410958904109589,1.0,0.0821917808219178,1.0,0.1095890410958904,1.0,0.1095890410958904,1.0,0.1095890410958904,1.0,0.1095890410958904,1.0,0.1095890410958904,1.0
Holocarpha virgata,2,True,0.0,0.0,0.0,0.0,0.0,0.0,0.0,0.0,0.0,0.0,0.0,0.0,0.0,0.0,0.0,0.0
Hordeum jubatum,1,True,0.0,0.0,0.0,0.0,0.0,0.0,0.0,0.0,0.0,0.0,0.0,0.0,0.0,0.0,0.0,0.0
Hymenothrix dissecta,1,False,0.0,0.0,1.0,1.0,1.0,1.0,0.0,0.0,0.0,0.0,0.0,0.0,0.0,0.0,0.0,0.0
Hymenoxys richardsonii,1,True,0.0,0.0,0.0,0.0,0.0,0.0,0.0,0.0,0.0,0.0,0.0,0.0,0.0,0.0,0.0,0.0
Hypericum fasciculatum,2,True,0.0,0.0,0.5,1.0,0.5,1.0,0.5,1.0,0.5,1.0,0.0,0.0,0.0,0.0,0.0,0.0
Hypericum galioides,2,True,0.0,0.0,0.5,1.0,0.5,1.0,0.5,1.0,0.5,1.0,0.5,1.0,0.0,0.0,0.0,0.0
Hypericum mutilum,2,True,0.5,1.0,0.5,1.0,0.5,1.0,0.5,1.0,0.5,1.0,0.5,1.0,0.5,1.0,0.5,1.0
Hypericum prolificum,37,True,0.08108108108108109,1.0,0.13513513513513514,1.0,0.13513513513513514,1.0,0.16216216216216217,1.0,0.16216216216216217,1.0,0.08108108108108109,1.0,0.08108108108108109,1.0,0.08108108108108109,1.0
Hypericum tetrapetalum,5,True,0.2,1.0,0.2,1.0,0.2,1.0,0.2,1.0,0.2,1.0,0.2,1.0,0.2,1.0,0.2,1.0
Hypochaeris glabra,6,True,0.0,0.0,0.0,0.0,0.0,0.0,0.0,0.0,0.3333333333333333,1.0,0.0,0.0,0.0,0.0,0.0,0.0
Hypoxis juncea,1,True,0.0,0.0,0.0,0.0,0.0,0.0,0.0,0.0,0.0,0.0,0.0,0.0,0.0,0.0,0.0,0.0
Impatiens pallida,35,True,0.08571428571428572,1.0,0.14285714285714285,1.0,0.2,1.0,0.2,1.0,0.2,1.0,0.08571428571428572,1.0,0.08571428571428572,1.0,0.08571428571428572,1.0
Indigofera spicata,3,True,0.0,0.0,0.3333333333333333,1.0,0.3333333333333333,1.0,0.3333333333333333,1.0,0.3333333333333333,1.0,0.6666666666666666,1.0,0.0,0.0,0.6666666666666666,1.0
Inula helenium,24,False,0.125,1.0,0.125,1.0,0.125,1.0,0.125,1.0,0.16666666666666666,1.0,0.041666666666666664,1.0,0.08333333333333333,1.0,0.08333333333333333,1.0
Ipomoea purpurea,37,True,0.02702702702702703,1.0,0.10810810810810811,1.0,0.08108108108108109,1.0,0.10810810810810811,1.0,0.10810810810810811,1.0,0.02702702702702703,1.0,0.02702702702702703,1.0,0.02702702702702703,1.0
Iris savannarum,4,True,0.0,0.0,0.25,1.0,0.25,1.0,0.25,1.0,0.0,0.0,0.0,0.0,0.0,0.0,0.0,0.0
Iva axillaris,1,True,0.0,0.0,0.0,0.0,0.0,0.0,0.0,0.0,0.0,0.0,0.0,0.0,0.0,0.0,0.0,0.0
Jacobaea vulgaris,41,False,0.07317073170731707,1.0,0.07317073170731707,1.0,0.07317073170731707,1.0,0.07317073170731707,1.0,0.07317073170731707,1.0,0.0975609756097561,1.0,0.07317073170731707,1.0,0.07317073170731707,1.0
Jeffersonia diphylla,5,False,0.2,1.0,0.2,1.0,0.2,1.0,0.2,1.0,0.0,0.0,0.2,1.0,0.2,1.0,0.2,1.0
Johnstonella angustifolia,15,False,0.3333333333333333,1.0,0.13333333333333333,1.0,0.13333333333333333,1.0,0.13333333333333333,1.0,0.06666666666666667,1.0,0.3333333333333333,1.0,0.26666666666666666,1.0,0.26666666666666666,1.0
Justicia californica,24,True,0.25,1.0,0.041666666666666664,1.0,0.041666666666666664,1.0,0.08333333333333333,1.0,0.041666666666666664,1.0,0.20833333333333334,1.0,0.20833333333333334,1.0,0.20833333333333334,1.0
Justicia pilosella,1,True,1.0,1.0,0.0,0.0,0.0,0.0,0.0,0.0,0.0,0.0,1.0,1.0,1.0,1.0,1.0,1.0
Kallstroemia grandiflora,6,True,0.16666666666666666,1.0,0.3333333333333333,1.0,0.3333333333333333,1.0,0.5,1.0,0.3333333333333333,1.0,0.16666666666666666,1.0,0.16666666666666666,1.0,0.16666666666666666,1.0
Kalmia microphylla,1,True,0.0,0.0,0.0,0.0,0.0,0.0,0.0,0.0,0.0,0.0,0.0,0.0,0.0,0.0,0.0,0.0
Keckiella rothrockii,3,True,0.6666666666666666,1.0,0.3333333333333333,1.0,0.3333333333333333,1.0,0.3333333333333333,1.0,0.3333333333333333,1.0,0.6666666666666666,1.0,0.3333333333333333,1.0,0.3333333333333333,1.0
Kerria japonica,1,False,1.0,1.0,1.0,1.0,1.0,1.0,1.0,1.0,0.0,0.0,1.0,1.0,1.0,1.0,1.0,1.0
Kolkwitzia amabilis,18,False,0.05555555555555555,1.0,0.0,0.0,0.05555555555555555,1.0,0.0,0.0,0.0,0.0,0.05555555555555555,1.0,0.05555555555555555,1.0,0.05555555555555555,1.0
Lactuca virosa,1,True,0.0,0.0,0.0,0.0,0.0,0.0,0.0,0.0,0.0,0.0,0.0,0.0,0.0,0.0,0.0,0.0
Lantana velutina,9,True,0.2222222222222222,1.0,0.2222222222222222,1.0,0.2222222222222222,1.0,0.3333333333333333,1.0,0.3333333333333333,1.0,0.3333333333333333,1.0,0.2222222222222222,1.0,0.2222222222222222,1.0
Leontodon saxatilis,1,False,0.0,0.0,0.0,0.0,0.0,0.0,0.0,0.0,0.0,0.0,0.0,0.0,0.0,0.0,0.0,0.0
Leptosiphon androsaceus,1,True,0.0,0.0,0.0,0.0,0.0,0.0,0.0,0.0,0.0,0.0,0.0,0.0,0.0,0.0,0.0,0.0
Lespedeza bicolor,2,True,0.5,1.0,1.0,1.0,1.0,1.0,1.0,1.0,1.0,1.0,0.5,1.0,0.5,1.0,0.5,1.0
Lespedeza capitata,46,True,0.06521739130434782,1.0,0.10869565217391304,1.0,0.10869565217391304,1.0,0.13043478260869565,1.0,0.13043478260869565,1.0,0.06521739130434782,1.0,0.06521739130434782,1.0,0.06521739130434782,1.0
Lespedeza stuevei,2,True,0.0,0.0,0.5,1.0,0.5,1.0,0.5,1.0,0.5,1.0,0.0,0.0,0.5,1.0,0.5,1.0
Liatris elegantula,1,True,0.0,0.0,0.0,0.0,0.0,0.0,0.0,0.0,0.0,0.0,0.0,0.0,0.0,0.0,0.0,0.0
Liatris hirsuta,2,True,0.0,0.0,0.0,0.0,0.0,0.0,0.0,0.0,0.0,0.0,0.0,0.0,0.0,0.0,0.0,0.0
Liatris ligulistylis,26,True,0.11538461538461539,1.0,0.11538461538461539,1.0,0.11538461538461539,1.0,0.11538461538461539,1.0,0.19230769230769232,1.0,0.11538461538461539,1.0,0.11538461538461539,1.0,0.11538461538461539,1.0
Liatris quadriflora,7,True,0.0,0.0,0.2857142857142857,1.0,0.2857142857142857,1.0,0.2857142857142857,1.0,0.2857142857142857,1.0,0.2857142857142857,1.0,0.14285714285714285,1.0,0.14285714285714285,1.0
Ligustrum japonicum,18,True,0.1111111111111111,1.0,0.3333333333333333,1.0,0.3888888888888889,1.0,0.3888888888888889,1.0,0.2777777777777778,1.0,0.1111111111111111,1.0,0.1111111111111111,1.0,0.1111111111111111,1.0
Ligustrum lucidum,3,True,0.3333333333333333,1.0,0.3333333333333333,1.0,0.3333333333333333,1.0,0.3333333333333333,1.0,0.3333333333333333,1.0,0.3333333333333333,1.0,0.3333333333333333,1.0,0.3333333333333333,1.0
Ligustrum vulgare,11,True,0.2727272727272727,1.0,0.36363636363636365,1.0,0.6363636363636364,1.0,0.45454545454545453,1.0,0.45454545454545453,1.0,0.2727272727272727,1.0,0.2727272727272727,1.0,0.2727272727272727,1.0
Lilium kelloggii,1,True,0.0,0.0,0.0,0.0,0.0,0.0,1.0,1.0,1.0,1.0,0.0,0.0,0.0,0.0,0.0,0.0
Limonium californicum,1,True,1.0,1.0,1.0,1.0,1.0,1.0,1.0,1.0,1.0,1.0,1.0,1.0,1.0,1.0,1.0,1.0
Limonium sinuatum,11,True,0.2727272727272727,1.0,0.2727272727272727,1.0,0.2727272727272727,1.0,0.2727272727272727,1.0,0.36363636363636365,1.0,0.5454545454545454,1.0,0.0,0.0,0.0,0.0
Linum bienne,2,True,0.0,0.0,0.0,0.0,0.0,0.0,0.0,0.0,0.0,0.0,0.0,0.0,0.0,0.0,0.0,0.0
Liriodendron tulipifera,44,False,0.13636363636363635,1.0,0.045454545454545456,1.0,0.13636363636363635,1.0,0.11363636363636363,1.0,0.06818181818181818,1.0,0.13636363636363635,1.0,0.13636363636363635,1.0,0.13636363636363635,1.0
Lithophragma affine,2,True,0.0,0.0,0.0,0.0,0.0,0.0,0.0,0.0,0.0,0.0,0.0,0.0,0.0,0.0,0.0,0.0
Lithophragma glabrum,1,True,0.0,0.0,0.0,0.0,0.0,0.0,0.0,0.0,0.0,0.0,0.0,0.0,0.0,0.0,0.0,0.0
Lithospermum occidentale,6,True,0.16666666666666666,1.0,0.5,1.0,0.5,1.0,0.5,1.0,0.5,1.0,0.16666666666666666,1.0,0.16666666666666666,1.0,0.16666666666666666,1.0
Lobelia inflata,28,True,0.03571428571428571,1.0,0.25,1.0,0.07142857142857142,1.0,0.07142857142857142,1.0,0.07142857142857142,1.0,0.03571428571428571,1.0,0.03571428571428571,1.0,0.03571428571428571,1.0
Lomatium dasycarpum,12,True,0.08333333333333333,1.0,0.0,0.0,0.0,0.0,0.0,0.0,0.0,0.0,0.0,0.0,0.0,0.0,0.0,0.0
Lonicera caerulea,36,True,0.0,0.0,0.19444444444444445,1.0,0.16666666666666666,1.0,0.1388888888888889,1.0,0.1388888888888889,1.0,0.0,0.0,0.0,0.0,0.0,0.0
Lonicera conjugialis,1,True,0.0,0.0,0.0,0.0,0.0,0.0,0.0,0.0,0.0,0.0,0.0,0.0,0.0,0.0,0.0,0.0
Lonicera japonica,38,True,0.10526315789473684,1.0,0.10526315789473684,1.0,0.15789473684210525,1.0,0.15789473684210525,1.0,0.15789473684210525,1.0,0.10526315789473684,1.0,0.10526315789473684,1.0,0.10526315789473684,1.0
Lonicera villosa,1,True,0.0,0.0,1.0,1.0,1.0,1.0,1.0,1.0,1.0,1.0,0.0,0.0,0.0,0.0,0.0,0.0
Lotus corniculatus,116,True,0.017241379310344827,1.0,0.06896551724137931,1.0,0.06896551724137931,1.0,0.06896551724137931,1.0,0.06896551724137931,1.0,0.017241379310344827,1.0,0.017241379310344827,1.0,0.017241379310344827,1.0
Ludwigia maritima,1,True,0.0,0.0,0.0,0.0,0.0,0.0,0.0,0.0,0.0,0.0,0.0,0.0,0.0,0.0,0.0,0.0
Luina hypoleuca,2,False,0.5,1.0,0.0,0.0,0.0,0.0,0.0,0.0,0.5,1.0,0.5,1.0,0.5,1.0,0.5,1.0
Lupinus albifrons,18,True,0.16666666666666666,1.0,0.16666666666666666,1.0,0.2222222222222222,1.0,0.2222222222222222,1.0,0.16666666666666666,1.0,0.16666666666666666,1.0,0.16666666666666666,1.0,0.2222222222222222,1.0
Lupinus arboreus,11,True,0.09090909090909091,1.0,0.2727272727272727,1.0,0.2727272727272727,1.0,0.2727272727272727,1.0,0.2727272727272727,1.0,0.09090909090909091,1.0,0.18181818181818182,1.0,0.18181818181818182,1.0
Lupinus arbustus,7,True,0.0,0.0,0.8571428571428571,1.0,0.8571428571428571,1.0,0.8571428571428571,1.0,0.8571428571428571,1.0,0.0,0.0,0.0,0.0,0.0,0.0
Lupinus pusillus,5,True,0.0,0.0,0.6,1.0,0.6,1.0,0.6,1.0,0.6,1.0,0.0,0.0,0.0,0.0,0.0,0.0
Lycium barbarum,5,True,0.4,1.0,0.2,1.0,0.2,1.0,0.2,1.0,0.2,1.0,0.4,1.0,0.4,1.0,0.4,1.0
Lycium berlandieri,1,True,0.0,0.0,0.0,0.0,0.0,0.0,0.0,0.0,0.0,0.0,0.0,0.0,0.0,0.0,0.0,0.0
Lycium brevipes,6,True,0.3333333333333333,1.0,0.0,0.0,0.0,0.0,0.0,0.0,0.0,0.0,0.3333333333333333,1.0,0.3333333333333333,1.0,0.3333333333333333,1.0
Lycium californicum,6,True,0.0,0.0,0.16666666666666666,1.0,0.16666666666666666,1.0,0.16666666666666666,1.0,0.16666666666666666,1.0,0.0,0.0,0.0,0.0,0.0,0.0
Lycium cooperi,8,True,0.125,1.0,0.125,1.0,0.125,1.0,0.125,1.0,0.0,0.0,0.375,1.0,0.125,1.0,0.125,1.0
Lycopus americanus,17,True,0.0,0.0,0.058823529411764705,1.0,0.058823529411764705,1.0,0.058823529411764705,1.0,0.058823529411764705,1.0,0.0,0.0,0.0,0.0,0.0,0.0
Lysimachia clethroides,96,True,0.052083333333333336,1.0,0.0,0.0,0.010416666666666666,1.0,0.010416666666666666,1.0,0.010416666666666666,1.0,0.041666666666666664,1.0,0.052083333333333336,1.0,0.052083333333333336,1.0
Magnolia virginiana,5,True,0.0,0.0,0.2,1.0,0.2,1.0,0.2,1.0,0.2,1.0,0.0,0.0,0.0,0.0,0.0,0.0
Malacothamnus fasciculatus,28,True,0.14285714285714285,1.0,0.21428571428571427,1.0,0.21428571428571427,1.0,0.21428571428571427,1.0,0.21428571428571427,1.0,0.07142857142857142,1.0,0.03571428571428571,1.0,0.03571428571428571,1.0
Malacothamnus jonesii,1,True,0.0,0.0,0.0,0.0,0.0,0.0,0.0,0.0,0.0,0.0,0.0,0.0,0.0,0.0,0.0,0.0
Malosma laurina,45,False,0.044444444444444446,1.0,0.0,0.0,0.0,0.0,0.06666666666666667,1.0,0.08888888888888889,1.0,0.1111111111111111,1.0,0.08888888888888889,1.0,0.08888888888888889,1.0
Malvaviscus arboreus,35,False,0.17142857142857143,1.0,0.11428571428571428,1.0,0.17142857142857143,1.0,0.17142857142857143,1.0,0.11428571428571428,1.0,0.17142857142857143,1.0,0.17142857142857143,1.0,0.17142857142857143,1.0
Marshallia caespitosa,7,True,0.14285714285714285,1.0,0.0,0.0,0.0,0.0,0.14285714285714285,1.0,0.0,0.0,0.14285714285714285,1.0,0.14285714285714285,1.0,0.0,0.0
Mecardonia acuminata,2,False,0.0,0.0,0.0,0.0,0.0,0.0,0.0,0.0,0.0,0.0,0.0,0.0,0.0,0.0,0.0,0.0
Medeola virginiana,2,False,0.0,0.0,0.0,0.0,0.0,0.0,0.0,0.0,0.0,0.0,0.0,0.0,0.0,0.0,0.0,0.0
Medicago lupulina,49,True,0.061224489795918366,1.0,0.061224489795918366,1.0,0.04081632653061224,1.0,0.04081632653061224,1.0,0.061224489795918366,1.0,0.061224489795918366,1.0,0.061224489795918366,1.0,0.061224489795918366,1.0
Melilotus officinalis,132,True,0.045454545454545456,1.0,0.05303030303030303,1.0,0.045454545454545456,1.0,0.045454545454545456,1.0,0.05303030303030303,1.0,0.045454545454545456,1.0,0.045454545454545456,1.0,0.045454545454545456,1.0
Melothria pendula,5,False,0.0,0.0,0.0,0.0,0.2,1.0,0.2,1.0,0.4,1.0,0.0,0.0,0.0,0.0,0.0,0.0
Menyanthes trifoliata,7,False,0.0,0.0,0.0,0.0,0.0,0.0,0.0,0.0,0.0,0.0,0.0,0.0,0.0,0.0,0.0,0.0
Mertensia longiflora,6,True,0.0,0.0,0.0,0.0,0.0,0.0,0.0,0.0,0.0,0.0,0.0,0.0,0.0,0.0,0.0,0.0
Mertensia virginica,46,True,0.10869565217391304,1.0,0.06521739130434782,1.0,0.08695652173913043,1.0,0.08695652173913043,1.0,0.08695652173913043,1.0,0.10869565217391304,1.0,0.10869565217391304,1.0,0.10869565217391304,1.0
Micranthes occidentalis,1,True,0.0,0.0,0.0,0.0,0.0,0.0,0.0,0.0,0.0,0.0,0.0,0.0,0.0,0.0,0.0,0.0
Micranthes petiolaris,2,True,0.0,0.0,0.0,0.0,0.0,0.0,0.0,0.0,0.0,0.0,0.0,0.0,0.0,0.0,0.0,0.0
Mikania scandens,94,True,0.05319148936170213,1.0,0.0425531914893617,1.0,0.07446808510638298,1.0,0.07446808510638298,1.0,0.07446808510638298,1.0,0.0425531914893617,1.0,0.05319148936170213,1.0,0.05319148936170213,1.0
Mirabilis laevis,17,True,0.23529411764705882,1.0,0.29411764705882354,1.0,0.29411764705882354,1.0,0.29411764705882354,1.0,0.29411764705882354,1.0,0.23529411764705882,1.0,0.23529411764705882,1.0,0.23529411764705882,1.0
Mitella diphylla,1,False,0.0,0.0,1.0,1.0,0.0,0.0,0.0,0.0,0.0,0.0,0.0,0.0,0.0,0.0,0.0,0.0
Monardella breweri,6,True,0.0,0.0,0.3333333333333333,1.0,0.3333333333333333,1.0,0.3333333333333333,1.0,0.3333333333333333,1.0,0.0,0.0,0.0,0.0,0.0,0.0
Monoptilon bellioides,3,False,0.0,0.0,0.0,0.0,0.3333333333333333,1.0,0.3333333333333333,1.0,0.0,0.0,0.0,0.0,0.0,0.0,0.0,0.0
Mucronea californica,1,False,0.0,0.0,0.0,0.0,0.0,0.0,0.0,0.0,0.0,0.0,0.0,0.0,0.0,0.0,0.0,0.0
Muscari neglectum,12,True,0.08333333333333333,1.0,0.25,1.0,0.25,1.0,0.3333333333333333,1.0,0.25,1.0,0.08333333333333333,1.0,0.08333333333333333,1.0,0.08333333333333333,1.0
Myosotis discolor,1,True,0.0,0.0,1.0,1.0,1.0,1.0,1.0,1.0,1.0,1.0,0.0,0.0,0.0,0.0,0.0,0.0
Myosotis verna,19,True,0.05263157894736842,1.0,0.0,0.0,0.0,0.0,0.0,0.0,0.05263157894736842,1.0,0.0,0.0,0.0,0.0,0.0,0.0
Nabalus albus,1,True,0.0,0.0,0.0,0.0,0.0,0.0,0.0,0.0,0.0,0.0,0.0,0.0,0.0,0.0,0.0,0.0
Nabalus altissimus,4,True,0.25,1.0,0.25,1.0,0.25,1.0,0.25,1.0,0.25,1.0,0.25,1.0,0.25,1.0,0.25,1.0
Nabalus racemosus,5,True,0.0,0.0,0.2,1.0,0.2,1.0,0.2,1.0,0.2,1.0,0.0,0.0,0.0,0.0,0.0,0.0
Nabalus trifoliolatus,5,True,0.0,0.0,0.2,1.0,0.2,1.0,0.2,1.0,0.2,1.0,0.0,0.0,0.0,0.0,0.0,0.0
Nandina domestica,5,False,0.2,1.0,0.4,1.0,0.4,1.0,0.4,1.0,0.0,0.0,0.2,1.0,0.2,1.0,0.2,1.0
Narthecium californicum,1,False,1.0,1.0,0.0,0.0,0.0,0.0,0.0,0.0,0.0,0.0,1.0,1.0,1.0,1.0,1.0,1.0
Nassella pulchra,1,False,0.0,0.0,0.0,0.0,0.0,0.0,0.0,0.0,0.0,0.0,0.0,0.0,0.0,0.0,0.0,0.0
Navarretia squarrosa,1,True,0.0,0.0,0.0,0.0,0.0,0.0,0.0,0.0,0.0,0.0,0.0,0.0,1.0,1.0,1.0,1.0
Nemophila heterophylla,1,True,0.0,0.0,0.0,0.0,0.0,0.0,0.0,0.0,0.0,0.0,0.0,0.0,0.0,0.0,0.0,0.0
Neptunia lutea,1,False,0.0,0.0,0.0,0.0,0.0,0.0,0.0,0.0,0.0,0.0,0.0,0.0,0.0,0.0,0.0,0.0
Nigella damascena,5,False,0.2,1.0,0.6,1.0,0.2,1.0,0.4,1.0,0.4,1.0,0.2,1.0,0.2,1.0,0.2,1.0
Nothochelone nemorosa,2,False,0.0,0.0,0.5,1.0,0.5,1.0,0.5,1.0,0.5,1.0,0.0,0.0,0.0,0.0,0.0,0.0
Oenothera pallida,6,True,0.16666666666666666,1.0,0.16666666666666666,1.0,0.16666666666666666,1.0,0.16666666666666666,1.0,0.16666666666666666,1.0,0.16666666666666666,1.0,0.16666666666666666,1.0,0.16666666666666666,1.0
Oenothera simulans,2,True,0.0,0.0,0.0,0.0,0.0,0.0,0.0,0.0,0.0,0.0,0.0,0.0,0.0,0.0,0.0,0.0
Oenothera speciosa,59,True,0.11864406779661017,1.0,0.13559322033898305,1.0,0.15254237288135594,1.0,0.15254237288135594,1.0,0.13559322033898305,1.0,0.11864406779661017,1.0,0.11864406779661017,1.0,0.11864406779661017,1.0
Oenothera suffulta,3,True,0.0,0.0,0.3333333333333333,1.0,0.3333333333333333,1.0,0.3333333333333333,1.0,0.3333333333333333,1.0,0.3333333333333333,1.0,0.0,0.0,0.3333333333333333,1.0
Oenothera triloba,1,True,0.0,0.0,0.0,0.0,0.0,0.0,0.0,0.0,0.0,0.0,0.0,0.0,0.0,0.0,0.0,0.0
Opuntia cymochila,2,True,0.0,0.0,1.0,1.0,1.0,1.0,1.0,1.0,1.0,1.0,0.0,0.0,0.0,0.0,0.0,0.0
Opuntia rufida,2,True,0.0,0.0,0.5,1.0,0.5,1.0,0.5,1.0,0.5,1.0,0.0,0.0,0.0,0.0,0.0,0.0
Orthocarpus cuspidatus,3,False,0.0,0.0,1.0,1.0,1.0,1.0,1.0,1.0,1.0,1.0,0.3333333333333333,1.0,0.3333333333333333,1.0,0.3333333333333333,1.0
Orthocarpus luteus,1,False,0.0,0.0,1.0,1.0,1.0,1.0,1.0,1.0,1.0,1.0,0.0,0.0,0.0,0.0,0.0,0.0
Osmadenia tenella,8,False,0.0,0.0,0.125,1.0,0.125,1.0,0.0,0.0,0.25,1.0,0.125,1.0,0.0,0.0,0.0,0.0
Oxalis californica,3,True,0.0,0.0,0.3333333333333333,1.0,0.3333333333333333,1.0,0.3333333333333333,1.0,0.3333333333333333,1.0,0.3333333333333333,1.0,0.0,0.0,0.0,0.0
Oxydendrum arboreum,8,False,0.125,1.0,0.125,1.0,0.25,1.0,0.375,1.0,0.25,1.0,0.125,1.0,0.125,1.0,0.125,1.0
Oxypolis rigidior,15,False,0.06666666666666667,1.0,0.0,0.0,0.06666666666666667,1.0,0.13333333333333333,1.0,0.06666666666666667,1.0,0.06666666666666667,1.0,0.06666666666666667,1.0,0.06666666666666667,1.0
Packera paupercula,12,True,0.0,0.0,0.16666666666666666,1.0,0.16666666666666666,1.0,0.16666666666666666,1.0,0.16666666666666666,1.0,0.0,0.0,0.0,0.0,0.0,0.0
Palafoxia feayi,10,True,0.0,0.0,0.1,1.0,0.1,1.0,0.1,1.0,0.1,1.0,0.2,1.0,0.0,0.0,0.0,0.0
Paspalum notatum,4,True,0.25,1.0,0.25,1.0,0.25,1.0,0.5,1.0,0.25,1.0,0.25,1.0,0.25,1.0,0.25,1.0
Pectis papposa,19,False,0.21052631578947367,1.0,0.10526315789473684,1.0,0.2631578947368421,1.0,0.2631578947368421,1.0,0.15789473684210525,1.0,0.21052631578947367,1.0,0.21052631578947367,1.0,0.21052631578947367,1.0
Pedicularis racemosa,8,True,0.25,1.0,0.625,1.0,0.625,1.0,0.625,1.0,0.625,1.0,0.25,1.0,0.25,1.0,0.25,1.0
Pediocactus nigrispinus,1,False,0.0,0.0,0.0,0.0,0.0,0.0,0.0,0.0,0.0,0.0,0.0,0.0,0.0,0.0,0.0,0.0
Pediomelum argophyllum,4,True,0.5,1.0,0.5,1.0,0.5,1.0,1.0,1.0,0.5,1.0,0.5,1.0,0.5,1.0,0.5,1.0
Penstemon confertus,19,True,0.21052631578947367,1.0,0.3684210526315789,1.0,0.3684210526315789,1.0,0.42105263157894735,1.0,0.42105263157894735,1.0,0.21052631578947367,1.0,0.21052631578947367,1.0,0.21052631578947367,1.0
Penstemon eatonii,3,True,0.0,0.0,0.3333333333333333,1.0,0.3333333333333333,1.0,0.3333333333333333,1.0,0.3333333333333333,1.0,0.0,0.0,0.0,0.0,0.0,0.0
Penstemon palmeri,9,True,0.0,0.0,0.5555555555555556,1.0,0.5555555555555556,1.0,0.5555555555555556,1.0,0.4444444444444444,1.0,0.0,0.0,0.0,0.0,0.0,0.0
Penstemon spectabilis,18,True,0.0,0.0,0.2222222222222222,1.0,0.2222222222222222,1.0,0.2222222222222222,1.0,0.2222222222222222,1.0,0.0,0.0,0.0,0.0,0.0,0.0
Perideridia gairdneri,8,True,0.25,1.0,0.0,0.0,0.0,0.0,0.0,0.0,0.5,1.0,0.0,0.0,0.25,1.0,0.25,1.0
Persicaria longiseta,17,True,0.11764705882352941,1.0,0.23529411764705882,1.0,0.23529411764705882,1.0,0.23529411764705882,1.0,0.29411764705882354,1.0,0.11764705882352941,1.0,0.11764705882352941,1.0,0.11764705882352941,1.0
Persicaria pensylvanica,33,True,0.09090909090909091,1.0,0.09090909090909091,1.0,0.09090909090909091,1.0,0.09090909090909091,1.0,0.09090909090909091,1.0,0.09090909090909091,1.0,0.09090909090909091,1.0,0.09090909090909091,1.0
Petasites frigidus,11,True,0.09090909090909091,1.0,0.0,0.0,0.0,0.0,0.0,0.0,0.0,0.0,0.09090909090909091,1.0,0.09090909090909091,1.0,0.09090909090909091,1.0
Phacelia hirsuta,1,True,0.0,0.0,0.0,0.0,0.0,0.0,0.0,0.0,0.0,0.0,0.0,0.0,0.0,0.0,0.0,0.0
Phacelia imbricata,8,True,0.0,0.0,0.5,1.0,0.5,1.0,0.5,1.0,0.5,1.0,0.125,1.0,0.0,0.0,0.0,0.0
Phacelia nemoralis,6,True,0.0,0.0,0.5,1.0,0.5,1.0,0.5,1.0,0.5,1.0,0.16666666666666666,1.0,0.16666666666666666,1.0,0.16666666666666666,1.0
Phacelia parryi,2,True,0.0,0.0,1.0,1.0,1.0,1.0,1.0,1.0,1.0,1.0,0.0,0.0,0.0,0.0,0.0,0.0
Phacelia pedicellata,1,True,0.0,0.0,1.0,1.0,1.0,1.0,1.0,1.0,1.0,1.0,1.0,1.0,1.0,1.0,1.0,1.0
Phleum pratense,20,False,0.0,0.0,0.0,0.0,0.1,1.0,0.1,1.0,0.05,1.0,0.0,0.0,0.0,0.0,0.0,0.0
Phlox stolonifera,6,True,0.0,0.0,0.5,1.0,0.5,1.0,0.5,1.0,0.5,1.0,0.16666666666666666,1.0,0.0,0.0,0.0,0.0
Pholistoma membranaceum,4,True,0.0,0.0,0.0,0.0,0.0,0.0,0.0,0.0,0.0,0.0,0.0,0.0,0.0,0.0,0.0,0.0
Phyla nodiflora,126,True,0.031746031746031744,1.0,0.05555555555555555,1.0,0.047619047619047616,1.0,0.047619047619047616,1.0,0.07142857142857142,1.0,0.031746031746031744,1.0,0.031746031746031744,1.0,0.031746031746031744,1.0
Physalis angulata,1,True,0.0,0.0,0.0,0.0,0.0,0.0,0.0,0.0,0.0,0.0,0.0,0.0,0.0,0.0,0.0,0.0
Physocarpus intermedius,8,True,0.125,1.0,0.25,1.0,0.25,1.0,0.25,1.0,0.125,1.0,0.125,1.0,0.0,0.0,0.0,0.0
Physocarpus opulifolius,71,True,0.056338028169014086,1.0,0.056338028169014086,1.0,0.08450704225352113,1.0,0.08450704225352113,1.0,0.07042253521126761,1.0,0.056338028169014086,1.0,0.056338028169014086,1.0,0.056338028169014086,1.0
Physostegia purpurea,4,True,0.0,0.0,0.0,0.0,0.0,0.0,0.0,0.0,0.0,0.0,0.0,0.0,0.0,0.0,0.0,0.0
Pinguicula planifolia,1,False,0.0,0.0,0.0,0.0,0.0,0.0,0.0,0.0,0.0,0.0,0.0,0.0,0.0,0.0,0.0,0.0
Platanthera ciliaris,6,True,0.3333333333333333,1.0,0.5,1.0,0.5,1.0,0.5,1.0,0.5,1.0,0.3333333333333333,1.0,0.3333333333333333,1.0,0.3333333333333333,1.0
Platanthera grandiflora,6,True,0.0,0.0,0.0,0.0,0.0,0.0,0.0,0.0,0.0,0.0,0.0,0.0,0.0,0.0,0.0,0.0
Platanthera integrilabia,3,True,0.0,0.0,0.0,0.0,0.0,0.0,0.0,0.0,0.0,0.0,0.3333333333333333,1.0,0.3333333333333333,1.0,0.3333333333333333,1.0
Plumbago auriculata,23,True,0.17391304347826086,1.0,0.13043478260869565,1.0,0.13043478260869565,1.0,0.13043478260869565,1.0,0.08695652173913043,1.0,0.17391304347826086,1.0,0.13043478260869565,1.0,0.13043478260869565,1.0
Poa pratensis,24,False,0.041666666666666664,1.0,0.0,0.0,0.0,0.0,0.0,0.0,0.0,0.0,0.0,0.0,0.041666666666666664,1.0,0.041666666666666664,1.0
Polanisia dodecandra,22,False,0.2727272727272727,1.0,0.0,0.0,0.09090909090909091,1.0,0.13636363636363635,1.0,0.045454545454545456,1.0,0.2727272727272727,1.0,0.2727272727272727,1.0,0.2727272727272727,1.0
Polygonatum biflorum,22,True,0.0,0.0,0.045454545454545456,1.0,0.09090909090909091,1.0,0.09090909090909091,1.0,0.13636363636363635,1.0,0.0,0.0,0.0,0.0,0.0,0.0
Polytaenia texana,19,True,0.0,0.0,0.0,0.0,0.0,0.0,0.0,0.0,0.0,0.0,0.05263157894736842,1.0,0.0,0.0,0.0,0.0
Pombalia verticillata,1,False,1.0,1.0,0.0,0.0,0.0,0.0,0.0,0.0,0.0,0.0,1.0,1.0,1.0,1.0,1.0,1.0
Portulaca amilis,1,True,0.0,0.0,1.0,1.0,1.0,1.0,1.0,1.0,1.0,1.0,0.0,0.0,0.0,0.0,0.0,0.0
Portulaca pilosa,10,True,0.1,1.0,0.1,1.0,0.2,1.0,0.2,1.0,0.1,1.0,0.1,1.0,0.1,1.0,0.1,1.0
Potentilla argentea,8,True,0.0,0.0,0.25,1.0,0.25,1.0,0.25,1.0,0.25,1.0,0.0,0.0,0.0,0.0,0.0,0.0
Potentilla thurberi,1,True,0.0,0.0,0.0,0.0,0.0,0.0,0.0,0.0,0.0,0.0,0.0,0.0,0.0,0.0,0.0,0.0
Primula hendersonii,8,True,0.125,1.0,0.25,1.0,0.25,1.0,0.375,1.0,0.375,1.0,0.25,1.0,0.25,1.0,0.25,1.0
Primula tetrandra,1,True,0.0,0.0,1.0,1.0,1.0,1.0,1.0,1.0,1.0,1.0,0.0,0.0,0.0,0.0,0.0,0.0
Prunella vulgaris,126,False,0.03968253968253968,1.0,0.07142857142857142,1.0,0.07936507936507936,1.0,0.07936507936507936,1.0,0.07936507936507936,1.0,0.03968253968253968,1.0,0.03968253968253968,1.0,0.03968253968253968,1.0
Prunus americana,69,True,0.07246376811594203,1.0,0.10144927536231885,1.0,0.11594202898550725,1.0,0.11594202898550725,1.0,0.11594202898550725,1.0,0.07246376811594203,1.0,0.07246376811594203,1.0,0.07246376811594203,1.0
Prunus andersonii,4,True,0.0,0.0,0.0,0.0,0.0,0.0,0.0,0.0,0.0,0.0,0.25,1.0,0.25,1.0,0.25,1.0
Prunus cerasifera,4,True,0.25,1.0,0.0,0.0,0.0,0.0,0.0,0.0,0.0,0.0,0.25,1.0,0.25,1.0,0.25,1.0
Pseudognaphalium californicum,12,True,0.0,0.0,0.08333333333333333,1.0,0.08333333333333333,1.0,0.08333333333333333,1.0,0.16666666666666666,1.0,0.08333333333333333,1.0,0.16666666666666666,1.0,0.08333333333333333,1.0
Pulsatilla nuttalliana,16,True,0.1875,1.0,0.0625,1.0,0.125,1.0,0.125,1.0,0.0,0.0,0.1875,1.0,0.1875,1.0,0.1875,1.0
Pycnanthemum tenuifolium,212,True,0.02358490566037736,1.0,0.04716981132075472,1.0,0.04716981132075472,1.0,0.04716981132075472,1.0,0.04716981132075472,1.0,0.02358490566037736,1.0,0.02358490566037736,1.0,0.02358490566037736,1.0
Quercus cornelius-mulleri,4,True,0.0,0.0,0.25,1.0,0.25,1.0,0.25,1.0,0.25,1.0,0.25,1.0,0.25,1.0,0.25,1.0
Quercus macrocarpa,21,True,0.047619047619047616,1.0,0.047619047619047616,1.0,0.047619047619047616,1.0,0.047619047619047616,1.0,0.047619047619047616,1.0,0.047619047619047616,1.0,0.047619047619047616,1.0,0.047619047619047616,1.0
Quercus phellos,18,True,0.0,0.0,0.05555555555555555,1.0,0.16666666666666666,1.0,0.1111111111111111,1.0,0.1111111111111111,1.0,0.0,0.0,0.0,0.0,0.0,0.0
Quercus stellata,9,True,0.1111111111111111,1.0,0.0,0.0,0.0,0.0,0.0,0.0,0.0,0.0,0.1111111111111111,1.0,0.1111111111111111,1.0,0.1111111111111111,1.0
Quercus virginiana,3,True,0.3333333333333333,1.0,0.0,0.0,0.0,0.0,0.0,0.0,0.0,0.0,0.3333333333333333,1.0,0.3333333333333333,1.0,0.3333333333333333,1.0
Quercus wislizeni,3,True,0.0,0.0,0.0,0.0,0.3333333333333333,1.0,0.3333333333333333,1.0,0.3333333333333333,1.0,0.0,0.0,0.3333333333333333,1.0,0.3333333333333333,1.0
Rhexia cubensis,1,True,0.0,0.0,0.0,0.0,0.0,0.0,0.0,0.0,0.0,0.0,0.0,0.0,0.0,0.0,0.0,0.0
Rhizophora mangle,2,False,0.0,0.0,0.0,0.0,0.0,0.0,0.0,0.0,0.0,0.0,0.0,0.0,0.0,0.0,0.0,0.0
Rhododendron maximum,13,True,0.23076923076923078,1.0,0.3076923076923077,1.0,0.38461538461538464,1.0,0.38461538461538464,1.0,0.3076923076923077,1.0,0.23076923076923078,1.0,0.23076923076923078,1.0,0.23076923076923078,1.0
Rhodotypos scandens,8,False,0.125,1.0,0.25,1.0,0.25,1.0,0.25,1.0,0.0,0.0,0.0,0.0,0.0,0.0,0.0,0.0
Rhynchospora latifolia,1,True,1.0,1.0,0.0,0.0,0.0,0.0,0.0,0.0,0.0,0.0,1.0,1.0,0.0,0.0,0.0,0.0
Ribes americanum,4,True,0.5,1.0,0.0,0.0,0.0,0.0,0.0,0.0,0.0,0.0,0.5,1.0,0.5,1.0,0.5,1.0
Ribes glandulosum,1,True,0.0,0.0,0.0,0.0,0.0,0.0,0.0,0.0,0.0,0.0,0.0,0.0,0.0,0.0,0.0,0.0
Ribes montigenum,1,True,0.0,0.0,0.0,0.0,0.0,0.0,0.0,0.0,0.0,0.0,0.0,0.0,0.0,0.0,0.0,0.0
Ribes rubrum,10,True,0.0,0.0,0.2,1.0,0.2,1.0,0.2,1.0,0.2,1.0,0.0,0.0,0.0,0.0,0.0,0.0
Romulea rosea,2,False,0.0,0.0,0.0,0.0,0.0,0.0,0.0,0.0,0.0,0.0,0.5,1.0,0.0,0.0,0.0,0.0
Rosa acicularis,39,True,0.0,0.0,0.05128205128205128,1.0,0.05128205128205128,1.0,0.05128205128205128,1.0,0.07692307692307693,1.0,0.0,0.0,0.0,0.0,0.0,0.0
Rosa blanda,20,True,0.05,1.0,0.15,1.0,0.15,1.0,0.15,1.0,0.15,1.0,0.05,1.0,0.05,1.0,0.05,1.0
Rosa palustris,16,True,0.125,1.0,0.375,1.0,0.4375,1.0,0.4375,1.0,0.4375,1.0,0.1875,1.0,0.125,1.0,0.125,1.0
Rotanthella floridana,2,False,0.0,0.0,0.0,0.0,0.0,0.0,0.0,0.0,0.5,1.0,0.0,0.0,0.0,0.0,0.0,0.0
Rubus flagellaris,23,True,0.13043478260869565,1.0,0.13043478260869565,1.0,0.08695652173913043,1.0,0.08695652173913043,1.0,0.08695652173913043,1.0,0.17391304347826086,1.0,0.17391304347826086,1.0,0.17391304347826086,1.0
Rubus odoratus,40,True,0.1,1.0,0.1,1.0,0.1,1.0,0.125,1.0,0.125,1.0,0.1,1.0,0.1,1.0,0.1,1.0
Rudbeckia hirta,298,True,0.026845637583892617,1.0,0.03355704697986577,1.0,0.03355704697986577,1.0,0.03355704697986577,1.0,0.03355704697986577,1.0,0.026845637583892617,1.0,0.026845637583892617,1.0,0.026845637583892617,1.0
Rudbeckia missouriensis,4,True,0.25,1.0,0.25,1.0,0.25,1.0,0.25,1.0,0.25,1.0,0.25,1.0,0.0,0.0,0.25,1.0
Ruellia nudiflora,5,True,0.2,1.0,0.4,1.0,0.4,1.0,0.4,1.0,0.4,1.0,0.2,1.0,0.2,1.0,0.2,1.0
Sagittaria engelmanniana,1,True,0.0,0.0,0.0,0.0,0.0,0.0,0.0,0.0,0.0,0.0,0.0,0.0,0.0,0.0,0.0,0.0
Sagittaria graminea,1,True,0.0,0.0,0.0,0.0,0.0,0.0,0.0,0.0,0.0,0.0,0.0,0.0,0.0,0.0,0.0,0.0
Sairocarpus coulterianus,3,True,0.3333333333333333,1.0,0.3333333333333333,1.0,0.3333333333333333,1.0,0.3333333333333333,1.0,0.3333333333333333,1.0,0.6666666666666666,1.0,0.0,0.0,0.0,0.0
Salix bebbiana,3,True,0.3333333333333333,1.0,0.0,0.0,0.0,0.0,0.0,0.0,0.0,0.0,0.3333333333333333,1.0,0.3333333333333333,1.0,0.3333333333333333,1.0
Salix commutata,2,True,0.0,0.0,0.0,0.0,0.0,0.0,0.0,0.0,0.0,0.0,0.0,0.0,0.0,0.0,0.0,0.0
Salix discolor,39,True,0.07692307692307693,1.0,0.07692307692307693,1.0,0.10256410256410256,1.0,0.10256410256410256,1.0,0.10256410256410256,1.0,0.10256410256410256,1.0,0.10256410256410256,1.0,0.10256410256410256,1.0
Salix exigua,3,True,0.6666666666666666,1.0,0.3333333333333333,1.0,0.3333333333333333,1.0,0.3333333333333333,1.0,0.3333333333333333,1.0,0.6666666666666666,1.0,0.6666666666666666,1.0,0.6666666666666666,1.0
Salix gooddingii,5,True,0.4,1.0,0.4,1.0,0.4,1.0,0.4,1.0,0.4,1.0,0.4,1.0,0.4,1.0,0.4,1.0
Salix laevigata,1,True,0.0,0.0,0.0,0.0,0.0,0.0,0.0,0.0,0.0,0.0,1.0,1.0,0.0,0.0,0.0,0.0
Salvia arizonica,1,True,0.0,0.0,0.0,0.0,0.0,0.0,0.0,0.0,0.0,0.0,0.0,0.0,0.0,0.0,0.0,0.0
Salvia carduacea,8,True,0.25,1.0,0.0,0.0,0.0,0.0,0.0,0.0,0.0,0.0,0.25,1.0,0.25,1.0,0.25,1.0
Salvia coccinea,54,True,0.1111111111111111,1.0,0.09259259259259259,1.0,0.09259259259259259,1.0,0.09259259259259259,1.0,0.09259259259259259,1.0,0.12962962962962962,1.0,0.1111111111111111,1.0,0.1111111111111111,1.0
Salvia columbariae,20,True,0.15,1.0,0.1,1.0,0.1,1.0,0.1,1.0,0.1,1.0,0.15,1.0,0.15,1.0,0.15,1.0
Salvia dorrii,24,True,0.08333333333333333,1.0,0.20833333333333334,1.0,0.20833333333333334,1.0,0.20833333333333334,1.0,0.16666666666666666,1.0,0.08333333333333333,1.0,0.08333333333333333,1.0,0.08333333333333333,1.0
Salvia leucophylla,41,True,0.14634146341463414,1.0,0.24390243902439024,1.0,0.24390243902439024,1.0,0.21951219512195122,1.0,0.21951219512195122,1.0,0.12195121951219512,1.0,0.04878048780487805,1.0,0.04878048780487805,1.0
Salvia lyrata,22,True,0.18181818181818182,1.0,0.13636363636363635,1.0,0.13636363636363635,1.0,0.13636363636363635,1.0,0.18181818181818182,1.0,0.18181818181818182,1.0,0.18181818181818182,1.0,0.18181818181818182,1.0
Salvia munzii,11,True,0.0,0.0,0.09090909090909091,1.0,0.09090909090909091,1.0,0.18181818181818182,1.0,0.18181818181818182,1.0,0.0,0.0,0.09090909090909091,1.0,0.09090909090909091,1.0
Sanguinaria canadensis,47,False,0.0425531914893617,1.0,0.02127659574468085,1.0,0.10638297872340426,1.0,0.10638297872340426,1.0,0.1276595744680851,1.0,0.0425531914893617,1.0,0.0425531914893617,1.0,0.0425531914893617,1.0
Sanicula crassicaulis,20,True,0.05,1.0,0.05,1.0,0.1,1.0,0.1,1.0,0.1,1.0,0.1,1.0,0.1,1.0,0.1,1.0
Scandix pecten-veneris,2,False,0.0,0.0,0.0,0.0,0.0,0.0,0.0,0.0,0.0,0.0,0.0,0.0,0.0,0.0,0.0,0.0
Sedum divergens,3,True,0.0,0.0,0.3333333333333333,1.0,0.3333333333333333,1.0,0.3333333333333333,1.0,0.3333333333333333,1.0,0.3333333333333333,1.0,0.3333333333333333,1.0,0.3333333333333333,1.0
Sedum oregonense,1,True,1.0,1.0,0.0,0.0,0.0,0.0,1.0,1.0,1.0,1.0,1.0,1.0,0.0,0.0,0.0,0.0
Sedum pulchellum,5,True,0.0,0.0,0.2,1.0,0.2,1.0,0.2,1.0,0.0,0.0,0.0,0.0,0.0,0.0,0.0,0.0
Sedum sarmentosum,1,True,0.0,0.0,0.0,0.0,0.0,0.0,0.0,0.0,0.0,0.0,0.0,0.0,0.0,0.0,0.0,0.0
Sedum stenopetalum,10,True,0.1,1.0,0.2,1.0,0.2,1.0,0.2,1.0,0.2,1.0,0.2,1.0,0.2,1.0,0.2,1.0
Senecio vulgaris,8,True,0.125,1.0,0.25,1.0,0.25,1.0,0.25,1.0,0.25,1.0,0.125,1.0,0.125,1.0,0.125,1.0
Senega cruciata,1,True,1.0,1.0,0.0,0.0,0.0,0.0,0.0,0.0,0.0,0.0,0.0,0.0,1.0,1.0,1.0,1.0
Senega curtissii,1,True,0.0,0.0,0.0,0.0,0.0,0.0,0.0,0.0,0.0,0.0,0.0,0.0,0.0,0.0,0.0,0.0
Senna marilandica,20,True,0.05,1.0,0.1,1.0,0.1,1.0,0.1,1.0,0.1,1.0,0.05,1.0,0.05,1.0,0.05,1.0
Senna obtusifolia,1,True,1.0,1.0,1.0,1.0,1.0,1.0,1.0,1.0,1.0,1.0,1.0,1.0,1.0,1.0,1.0,1.0
Sidalcea campestris,9,True,0.0,0.0,0.3333333333333333,1.0,0.3333333333333333,1.0,0.3333333333333333,1.0,0.3333333333333333,1.0,0.1111111111111111,1.0,0.1111111111111111,1.0,0.1111111111111111,1.0
Sidalcea virgata,23,True,0.0,0.0,0.13043478260869565,1.0,0.13043478260869565,1.0,0.13043478260869565,1.0,0.17391304347826086,1.0,0.08695652173913043,1.0,0.0,0.0,0.0,0.0
Sideroxylon celastrinum,7,True,0.2857142857142857,1.0,0.0,0.0,0.0,0.0,0.0,0.0,0.0,0.0,0.14285714285714285,1.0,0.14285714285714285,1.0,0.14285714285714285,1.0
Silphium asteriscus,34,True,0.08823529411764706,1.0,0.17647058823529413,1.0,0.17647058823529413,1.0,0.17647058823529413,1.0,0.17647058823529413,1.0,0.08823529411764706,1.0,0.08823529411764706,1.0,0.08823529411764706,1.0
Sisymbrium irio,9,True,0.4444444444444444,1.0,0.1111111111111111,1.0,0.1111111111111111,1.0,0.1111111111111111,1.0,0.1111111111111111,1.0,0.4444444444444444,1.0,0.4444444444444444,1.0,0.4444444444444444,1.0
Sisyrinchium montanum,2,True,0.5,1.0,0.5,1.0,0.5,1.0,0.5,1.0,0.5,1.0,0.5,1.0,0.5,1.0,0.5,1.0
Sixalix atropurpurea,31,False,0.03225806451612903,1.0,0.03225806451612903,1.0,0.03225806451612903,1.0,0.16129032258064516,1.0,0.12903225806451613,1.0,0.16129032258064516,1.0,0.12903225806451613,1.0,0.16129032258064516,1.0
Solanum americanum,2,True,0.0,0.0,0.0,0.0,0.0,0.0,0.0,0.0,0.0,0.0,0.0,0.0,0.0,0.0,0.0,0.0
Solanum umbelliferum,9,True,0.1111111111111111,1.0,0.1111111111111111,1.0,0.1111111111111111,1.0,0.1111111111111111,1.0,0.1111111111111111,1.0,0.1111111111111111,1.0,0.0,0.0,0.0,0.0
Solidago canadensis,175,True,0.02857142857142857,1.0,0.05714285714285714,1.0,0.05714285714285714,1.0,0.05714285714285714,1.0,0.05714285714285714,1.0,0.03428571428571429,1.0,0.03428571428571429,1.0,0.03428571428571429,1.0
Solidago curtisii,1,True,0.0,0.0,1.0,1.0,1.0,1.0,1.0,1.0,1.0,1.0,0.0,0.0,1.0,1.0,1.0,1.0
Solidago fistulosa,10,True,0.0,0.0,0.2,1.0,0.2,1.0,0.2,1.0,0.2,1.0,0.0,0.0,0.1,1.0,0.1,1.0
Solidago juncea,64,True,0.0625,1.0,0.125,1.0,0.125,1.0,0.109375,1.0,0.125,1.0,0.0625,1.0,0.0625,1.0,0.0625,1.0
Solidago odora,51,True,0.0392156862745098,1.0,0.17647058823529413,1.0,0.17647058823529413,1.0,0.17647058823529413,1.0,0.1568627450980392,1.0,0.058823529411764705,1.0,0.058823529411764705,1.0,0.058823529411764705,1.0
Solidago ptarmicoides,9,True,0.1111111111111111,1.0,0.1111111111111111,1.0,0.1111111111111111,1.0,0.0,0.0,0.0,0.0,0.1111111111111111,1.0,0.1111111111111111,1.0,0.1111111111111111,1.0
Solidago uliginosa,8,True,0.0,0.0,0.375,1.0,0.375,1.0,0.375,1.0,0.375,1.0,0.125,1.0,0.125,1.0,0.125,1.0
Sonchus arvensis,71,False,0.08450704225352113,1.0,0.07042253521126761,1.0,0.11267605633802817,1.0,0.11267605633802817,1.0,0.04225352112676056,1.0,0.09859154929577464,1.0,0.09859154929577464,1.0,0.09859154929577464,1.0
Sonchus asper,46,False,0.15217391304347827,1.0,0.13043478260869565,1.0,0.17391304347826086,1.0,0.17391304347826086,1.0,0.10869565217391304,1.0,0.15217391304347827,1.0,0.15217391304347827,1.0,0.15217391304347827,1.0
Spergularia rubra,7,False,0.0,0.0,0.14285714285714285,1.0,0.14285714285714285,1.0,0.14285714285714285,1.0,0.14285714285714285,1.0,0.0,0.0,0.0,0.0,0.0,0.0
Spiraea lucida,3,True,0.3333333333333333,1.0,0.0,0.0,0.0,0.0,0.0,0.0,0.0,0.0,0.3333333333333333,1.0,0.3333333333333333,1.0,0.3333333333333333,1.0
Spiranthes praecox,1,True,0.0,0.0,0.0,0.0,0.0,0.0,0.0,0.0,0.0,0.0,0.0,0.0,0.0,0.0,0.0,0.0
Spiranthes romanzoffiana,4,True,0.0,0.0,0.0,0.0,0.0,0.0,0.0,0.0,0.0,0.0,0.0,0.0,0.0,0.0,0.0,0.0
Sporobolus pumilus,2,True,0.5,1.0,0.0,0.0,0.0,0.0,0.0,0.0,0.0,0.0,0.5,1.0,0.0,0.0,0.0,0.0
Stachys stebbinsii,7,True,0.0,0.0,0.14285714285714285,1.0,0.14285714285714285,1.0,0.14285714285714285,1.0,0.2857142857142857,1.0,0.42857142857142855,1.0,0.0,0.0,0.0,0.0
Stanleya pinnata,18,False,0.16666666666666666,1.0,0.05555555555555555,1.0,0.05555555555555555,1.0,0.1111111111111111,1.0,0.16666666666666666,1.0,0.16666666666666666,1.0,0.16666666666666666,1.0,0.16666666666666666,1.0
Stenanthium densum,4,False,0.25,1.0,0.0,0.0,0.0,0.0,0.0,0.0,0.0,0.0,0.25,1.0,0.0,0.0,0.0,0.0
Stenanthium gramineum,14,False,0.0,0.0,0.0,0.0,0.07142857142857142,1.0,0.07142857142857142,1.0,0.07142857142857142,1.0,0.0,0.0,0.0,0.0,0.0,0.0
Symphoricarpos longiflorus,1,True,0.0,0.0,0.0,0.0,0.0,0.0,0.0,0.0,0.0,0.0,0.0,0.0,0.0,0.0,0.0,0.0
Symphyotrichum adnatum,2,True,0.0,0.0,0.0,0.0,0.0,0.0,0.0,0.0,0.0,0.0,0.0,0.0,0.0,0.0,0.0,0.0
Symphyotrichum chilense,46,True,0.08695652173913043,1.0,0.08695652173913043,1.0,0.10869565217391304,1.0,0.10869565217391304,1.0,0.08695652173913043,1.0,0.06521739130434782,1.0,0.06521739130434782,1.0,0.06521739130434782,1.0
Symphyotrichum firmum,11,True,0.09090909090909091,1.0,0.36363636363636365,1.0,0.36363636363636365,1.0,0.36363636363636365,1.0,0.2727272727272727,1.0,0.09090909090909091,1.0,0.18181818181818182,1.0,0.18181818181818182,1.0
Symphyotrichum pratense,1,True,0.0,0.0,0.0,0.0,0.0,0.0,0.0,0.0,0.0,0.0,0.0,0.0,0.0,0.0,0.0,0.0
Symphyotrichum subspicatum,31,True,0.03225806451612903,1.0,0.12903225806451613,1.0,0.12903225806451613,1.0,0.12903225806451613,1.0,0.12903225806451613,1.0,0.0967741935483871,1.0,0.12903225806451613,1.0,0.16129032258064516,1.0
Symphyotrichum tenuifolium,14,True,0.07142857142857142,1.0,0.2857142857142857,1.0,0.2857142857142857,1.0,0.2857142857142857,1.0,0.21428571428571427,1.0,0.07142857142857142,1.0,0.07142857142857142,1.0,0.07142857142857142,1.0
Syngonanthus flavidulus,1,False,0.0,0.0,0.0,0.0,0.0,0.0,0.0,0.0,0.0,0.0,0.0,0.0,0.0,0.0,0.0,0.0
Tamarix ramosissima,21,True,0.19047619047619047,1.0,0.19047619047619047,1.0,0.19047619047619047,1.0,0.19047619047619047,1.0,0.19047619047619047,1.0,0.19047619047619047,1.0,0.19047619047619047,1.0,0.19047619047619047,1.0
Tecoma stans,39,False,0.10256410256410256,1.0,0.0,0.0,0.0,0.0,0.05128205128205128,1.0,0.07692307692307693,1.0,0.10256410256410256,1.0,0.07692307692307693,1.0,0.07692307692307693,1.0
Tephrosia onobrychoides,1,True,0.0,0.0,0.0,0.0,0.0,0.0,0.0,0.0,0.0,0.0,0.0,0.0,0.0,0.0,0.0,0.0
Tetradymia axillaris,1,True,0.0,0.0,0.0,0.0,0.0,0.0,0.0,0.0,0.0,0.0,0.0,0.0,0.0,0.0,0.0,0.0
Teucrium cubense,3,True,0.6666666666666666,1.0,0.0,0.0,0.0,0.0,0.0,0.0,0.0,0.0,0.3333333333333333,1.0,0.3333333333333333,1.0,0.3333333333333333,1.0
Thermopsis montana,15,True,0.0,0.0,0.4666666666666667,1.0,0.4666666666666667,1.0,0.4,1.0,0.5333333333333333,1.0,0.0,0.0,0.0,0.0,0.0,0.0
Thymophylla tenuiloba,3,True,0.3333333333333333,1.0,0.3333333333333333,1.0,0.3333333333333333,1.0,0.3333333333333333,1.0,0.3333333333333333,1.0,0.3333333333333333,1.0,0.3333333333333333,1.0,0.3333333333333333,1.0
Tiedemannia filiformis,10,False,0.1,1.0,0.1,1.0,0.1,1.0,0.4,1.0,0.3,1.0,0.4,1.0,0.1,1.0,0.1,1.0
Torilis nodosa,1,True,0.0,0.0,0.0,0.0,0.0,0.0,0.0,0.0,0.0,0.0,0.0,0.0,0.0,0.0,0.0,0.0
Tradescantia fluminensis,7,True,0.0,0.0,0.42857142857142855,1.0,0.42857142857142855,1.0,0.42857142857142855,1.0,0.2857142857142857,1.0,0.0,0.0,0.0,0.0,0.0,0.0
Tragopogon dubius,21,True,0.14285714285714285,1.0,0.09523809523809523,1.0,0.09523809523809523,1.0,0.09523809523809523,1.0,0.09523809523809523,1.0,0.14285714285714285,1.0,0.14285714285714285,1.0,0.14285714285714285,1.0
Tribulus terrestris,15,True,0.26666666666666666,1.0,0.06666666666666667,1.0,0.2,1.0,0.26666666666666666,1.0,0.13333333333333333,1.0,0.26666666666666666,1.0,0.26666666666666666,1.0,0.26666666666666666,1.0
Trichostema parishii,4,True,0.25,1.0,0.25,1.0,0.25,1.0,0.25,1.0,0.0,0.0,0.25,1.0,0.5,1.0,0.5,1.0
Trifolium arvense,13,True,0.07692307692307693,1.0,0.23076923076923078,1.0,0.3076923076923077,1.0,0.3076923076923077,1.0,0.23076923076923078,1.0,0.07692307692307693,1.0,0.07692307692307693,1.0,0.07692307692307693,1.0
Trifolium hirtum,33,True,0.18181818181818182,1.0,0.15151515151515152,1.0,0.15151515151515152,1.0,0.15151515151515152,1.0,0.15151515151515152,1.0,0.18181818181818182,1.0,0.15151515151515152,1.0,0.15151515151515152,1.0
Trifolium incarnatum,28,True,0.17857142857142858,1.0,0.2857142857142857,1.0,0.2857142857142857,1.0,0.2857142857142857,1.0,0.2857142857142857,1.0,0.17857142857142858,1.0,0.17857142857142858,1.0,0.17857142857142858,1.0
Trifolium repens,240,True,0.03333333333333333,1.0,0.041666666666666664,1.0,0.041666666666666664,1.0,0.041666666666666664,1.0,0.041666666666666664,1.0,0.03333333333333333,1.0,0.03333333333333333,1.0,0.03333333333333333,1.0
Trillium ovatum,5,True,0.2,1.0,0.2,1.0,0.2,1.0,0.2,1.0,0.2,1.0,0.2,1.0,0.2,1.0,0.2,1.0
Turnera ulmifolia,21,False,0.09523809523809523,1.0,0.09523809523809523,1.0,0.09523809523809523,1.0,0.047619047619047616,1.0,0.09523809523809523,1.0,0.19047619047619047,1.0,0.14285714285714285,1.0,0.14285714285714285,1.0
Ulmus rubra,12,True,0.0,0.0,0.0,0.0,0.08333333333333333,1.0,0.08333333333333333,1.0,0.0,0.0,0.0,0.0,0.0,0.0,0.0,0.0
Vaccinium corymbosum,167,True,0.023952095808383235,1.0,0.05389221556886228,1.0,0.05389221556886228,1.0,0.05389221556886228,1.0,0.05389221556886228,1.0,0.017964071856287425,1.0,0.023952095808383235,1.0,0.023952095808383235,1.0
Vaccinium macrocarpon,32,True,0.0,0.0,0.1875,1.0,0.1875,1.0,0.1875,1.0,0.1875,1.0,0.0,0.0,0.0,0.0,0.0,0.0
Vaccinium uliginosum,3,True,0.0,0.0,0.3333333333333333,1.0,0.3333333333333333,1.0,0.3333333333333333,1.0,0.3333333333333333,1.0,0.0,0.0,0.0,0.0,0.0,0.0
Veratrum viride,5,True,0.0,0.0,0.0,0.0,0.0,0.0,0.0,0.0,0.2,1.0,0.0,0.0,0.0,0.0,0.0,0.0
Verbena canescens,1,True,0.0,0.0,0.0,0.0,0.0,0.0,0.0,0.0,0.0,0.0,0.0,0.0,0.0,0.0,0.0,0.0
Verbena halei,10,True,0.3,1.0,0.1,1.0,0.1,1.0,0.1,1.0,0.1,1.0,0.3,1.0,0.3,1.0,0.3,1.0
Vernonia arkansana,16,True,0.0625,1.0,0.1875,1.0,0.1875,1.0,0.1875,1.0,0.25,1.0,0.0,0.0,0.0625,1.0,0.0625,1.0
Vernonia missurica,32,True,0.0625,1.0,0.21875,1.0,0.21875,1.0,0.21875,1.0,0.21875,1.0,0.0625,1.0,0.0625,1.0,0.0625,1.0
Vesper montanus,1,False,0.0,0.0,0.0,0.0,0.0,0.0,0.0,0.0,1.0,1.0,0.0,0.0,0.0,0.0,0.0,0.0
Viburnum acerifolium,19,True,0.0,0.0,0.0,0.0,0.0,0.0,0.0,0.0,0.05263157894736842,1.0,0.0,0.0,0.0,0.0,0.0,0.0
Viburnum lentago,6,True,0.0,0.0,0.5,1.0,0.3333333333333333,1.0,0.3333333333333333,1.0,0.5,1.0,0.0,0.0,0.0,0.0,0.0,0.0
Viburnum nudum,18,True,0.16666666666666666,1.0,0.05555555555555555,1.0,0.1111111111111111,1.0,0.1111111111111111,1.0,0.0,0.0,0.16666666666666666,1.0,0.16666666666666666,1.0,0.16666666666666666,1.0
Viburnum rafinesqueanum,11,True,0.09090909090909091,1.0,0.18181818181818182,1.0,0.09090909090909091,1.0,0.18181818181818182,1.0,0.18181818181818182,1.0,0.09090909090909091,1.0,0.09090909090909091,1.0,0.09090909090909091,1.0
Viburnum rhytidophyllum,1,True,0.0,0.0,0.0,0.0,0.0,0.0,0.0,0.0,0.0,0.0,0.0,0.0,0.0,0.0,0.0,0.0
Viburnum sieboldii,1,True,0.0,0.0,0.0,0.0,0.0,0.0,0.0,0.0,0.0,0.0,0.0,0.0,0.0,0.0,0.0,0.0
Vicia acutifolia,4,True,0.0,0.0,0.25,1.0,0.25,1.0,0.25,1.0,0.25,1.0,0.25,1.0,0.25,1.0,0.25,1.0
Vicia benghalensis,70,True,0.014285714285714285,1.0,0.14285714285714285,1.0,0.14285714285714285,1.0,0.14285714285714285,1.0,0.14285714285714285,1.0,0.04285714285714286,1.0,0.014285714285714285,1.0,0.014285714285714285,1.0
Vinca minor,37,True,0.08108108108108109,1.0,0.02702702702702703,1.0,0.05405405405405406,1.0,0.05405405405405406,1.0,0.05405405405405406,1.0,0.08108108108108109,1.0,0.08108108108108109,1.0,0.08108108108108109,1.0
Viola lobata,2,True,0.0,0.0,0.0,0.0,0.0,0.0,0.0,0.0,0.0,0.0,0.0,0.0,0.0,0.0,0.0,0.0
Viola pedata,35,True,0.08571428571428572,1.0,0.11428571428571428,1.0,0.14285714285714285,1.0,0.14285714285714285,1.0,0.11428571428571428,1.0,0.08571428571428572,1.0,0.08571428571428572,1.0,0.08571428571428572,1.0
Viola sempervirens,1,True,0.0,0.0,0.0,0.0,0.0,0.0,0.0,0.0,0.0,0.0,0.0,0.0,0.0,0.0,0.0,0.0
Vitis rotundifolia,4,True,0.0,0.0,0.0,0.0,0.25,1.0,0.25,1.0,0.0,0.0,0.0,0.0,0.0,0.0,0.0,0.0
Wahlenbergia marginata,2,False,0.0,0.0,0.0,0.0,0.0,0.0,0.0,0.0,0.0,0.0,0.0,0.0,0.0,0.0,0.0,0.0
Wisteria frutescens,12,True,0.16666666666666666,1.0,0.4166666666666667,1.0,0.4166666666666667,1.0,0.4166666666666667,1.0,0.25,1.0,0.3333333333333333,1.0,0.08333333333333333,1.0,0.16666666666666666,1.0
Xylorhiza cognata,7,True,0.14285714285714285,1.0,0.42857142857142855,1.0,0.42857142857142855,1.0,0.42857142857142855,1.0,0.5714285714285714,1.0,0.14285714285714285,1.0,0.14285714285714285,1.0,0.14285714285714285,1.0
Yucca campestris,7,True,0.0,0.0,0.14285714285714285,1.0,0.14285714285714285,1.0,0.14285714285714285,1.0,0.0,0.0,0.0,0.0,0.14285714285714285,1.0,0.0,0.0
Zanthoxylum americanum,21,True,0.09523809523809523,1.0,0.047619047619047616,1.0,0.047619047619047616,1.0,0.047619047619047616,1.0,0.047619047619047616,1.0,0.09523809523809523,1.0,0.09523809523809523,1.0,0.09523809523809523,1.0
Zephyranthes simpsonii,1,False,0.0,0.0,0.0,0.0,0.0,0.0,0.0,0.0,0.0,0.0,0.0,0.0,0.0,0.0,0.0,0.0
Zizia aurea,160,False,0.04375,1.0,0.0,0.0,0.05,1.0,0.05,1.0,0.05625,1.0,0.04375,1.0,0.04375,1.0,0.04375,1.0
