plant,recall@10,recall@20,ndcg@10,ndcg@20,rank_first
Abutilon hypoleucum,0.0,0.0,0.0,0.0,314.0
Abutilon theophrasti,0.13333333333333333,0.13333333333333333,0.29849003527675555,0.2313814480163251,1.0
Acer pensylvanicum,0.0,0.0,0.0,0.0,56.0
Achyronychia cooperi,0.25,0.75,0.24630238874073,0.45279116230698757,2.0
Acmella repens,0.2631578947368421,0.3684210526315789,0.5391870169376467,0.4322108379680272,1.0
Acmispon maritimus,1.0,1.0,0.6309297535714575,0.6309297535714575,2.0
Adelinia grandis,0.25,0.375,0.46582309483828666,0.42684375403756397,1.0
Adenostoma sparsifolium,0.5,1.0,0.38685280723454163,0.5287217091005357,2.0
Aesculus californica,0.10869565217391304,0.2391304347826087,0.611019150498302,0.6037000898591688,1.0
Ageratina adenophora,0.0,0.0,0.0,0.0,157.0
Ageratina aromatica,0.07692307692307693,0.15384615384615385,0.2200917662980802,0.2388141577084763,1.0
Agrimonia parviflora,0.0,0.0,0.0,0.0,74.0
Allium geyeri,0.0,0.0,0.0,0.0,26.0
Amaranthus palmeri,0.0,0.0,0.0,0.0,580.0
Ambrosia ambrosioides,0.5,0.5,0.6131471927654584,0.6131471927654584,1.0
Ambrosia psilostachya,0.0,0.0,0.0,0.0,41.0
Amelanchier laevis,0.0,0.0,0.0,0.0,2853.0
Amsonia tomentosa,0.5,0.5,0.29127873064148246,0.29127873064148246,4.0
Angelica capitellata,0.3333333333333333,0.5714285714285714,0.8006937664098821,0.6971852709095223,1.0
Anisocarpus madioides,0.0,1.0,0.0,0.23137821315975915,19.0
Anisocoma acaulis,0.0,0.0,0.0,0.0,85.0
Anthriscus sylvestris,0.05405405405405406,0.08108108108108109,0.29345568839744024,0.22777135767692594,1.0
Apios americana,0.09090909090909091,0.15151515151515152,0.4085359184257956,0.3354778719751994,1.0
Arabidopsis thaliana,0.0,0.0,0.0,0.0,106.0
Aralia racemosa,0.0,0.07142857142857142,0.0,0.04455257454866285,15.0
Arctostaphylos bakeri,1.0,1.0,0.6509209298071326,0.6509209298071326,2.0
Arctostaphylos hookeri,0.3333333333333333,0.6666666666666666,0.23463936301137822,0.35195904451706733,3.0
Arctostaphylos manzanita,0.21428571428571427,0.35714285714285715,0.4373524791503101,0.44141789247866176,1.0
Arctostaphylos nevadensis,0.5,0.5,0.3191471544989227,0.3191471544989227,4.0
Arnoglossum atriplicifolium,0.07692307692307693,0.15384615384615385,0.400023248309252,0.36657515413752706,1.0
Arnoglossum ovatum,0.0,1.0,0.0,0.27023815442731974,12.0
Arnoglossum plantagineum,0.0,0.0,0.0,0.0,82.0
Asclepias californica,0.16666666666666666,0.6666666666666666,0.09546043308946733,0.319513624830695,8.0
Asclepias incarnata,0.03501945525291829,0.06614785992217899,0.9216017310213247,0.8774449588212474,1.0
Asclepias linaria,0.3333333333333333,0.3333333333333333,0.16716045496620227,0.16716045496620227,6.0
Asclepias speciosa,0.08433734939759036,0.18072289156626506,0.7027284035579431,0.7361912598276003,1.0
Asclepias tomentosa,0.6666666666666666,0.6666666666666666,0.3152014104491349,0.3152014104491349,6.0
Asclepias viridis,0.3888888888888889,0.3888888888888889,0.7471589728148226,0.5158255109540277,1.0
Asimina obovata,0.0,0.0,0.0,0.0,191.0
Asimina reticulata,0.0,0.0,0.0,0.0,51.0
Asparagus officinalis,0.17647058823529413,0.23529411764705882,0.5252098581198154,0.41081959141676094,2.0
Astragalus alpinus,0.25,0.375,0.2574406717600568,0.323875955033033,2.0
Astragalus cicer,0.5555555555555556,0.6666666666666666,0.4944492952827405,0.5519533163694706,2.0
Astragalus crotalariae,0.0,1.0,0.0,0.27023815442731974,12.0
Astragalus douglasii,0.15384615384615385,0.23076923076923078,0.1396181455537491,0.16624771646171535,7.0
Astragalus flexuosus,0.3333333333333333,0.6666666666666666,0.23463936301137822,0.3655413531795754,3.0
Astragalus whitneyi,0.25,0.5,0.13905617951077562,0.232674182198372,6.0
Atriplex canescens,0.16666666666666666,0.4166666666666667,0.35895421017163476,0.4666760174811693,1.0
Aureolaria pectinata,0.0,0.0,0.0,0.0,85.0
Baccharis sergiloides,0.3333333333333333,0.3333333333333333,0.46927872602275644,0.46927872602275644,1.0
Balsamorhiza hookeri,0.6,0.6,0.3896266367619439,0.3896266367619439,3.0
Baptisia aberrans,0.0,0.0,0.0,0.0,2175.0
Baptisia sphaerocarpa,0.3,0.4,0.27584715417186634,0.3259555013411019,2.0
Barbarea orthoceras,0.045454545454545456,0.09090909090909091,0.13886244387355456,0.1269240375697881,2.0
Bebbia juncea,0.17543859649122806,0.2807017543859649,1.0,0.8555717189370436,1.0
Berberis aquifolium,0.13333333333333333,0.2,0.7222954974312067,0.5785837573124074,1.0
Berberis trifoliolata,0.14285714285714285,0.42857142857142855,0.13743816645714543,0.27504361355980383,3.0
Berlandiera lyrata,0.15384615384615385,0.38461538461538464,0.17947710508581738,0.28653414062040444,3.0
Bidens aristosa,0.16279069767441862,0.23255813953488372,0.7909506325094736,0.6204940397656902,1.0
Bidens polylepis,0.17647058823529413,0.23529411764705882,0.37148910739409025,0.303774453325401,1.0
Boerhavia wrightii,1.0,1.0,0.3010299956639812,0.3010299956639812,9.0
Boltonia diffusa,0.0,0.0,0.0,0.0,159.0
Borodinia laevigata,0.0,0.0,0.0,0.0,60.0
Bouteloua curtipendula,0.0,0.0,0.0,0.0,274.0
Bouteloua dactyloides,0.0,0.0,0.0,0.0,48.0
Bouteloua hirsuta,0.0,1.0,0.0,0.24465054211822604,16.0
Brasenia schreberi,0.0,0.0,0.0,0.0,735.0
Brassica tournefortii,0.35714285714285715,0.42857142857142855,0.6025064803817582,0.5360141806726707,1.0
Brickellia desertorum,0.0,0.0,0.0,0.0,56.0
Bromus inermis,0.25,0.5,0.16812753627111746,0.27702129733934966,4.0
Buchnera americana,0.0,0.0,0.0,0.0,92.0
Bursera microphylla,1.0,1.0,0.2890648263178879,0.2890648263178879,10.0
Callicarpa americana,0.0625,0.125,0.13886244387355456,0.14061582174073772,2.0
Callirhoe leiocarpa,0.3333333333333333,0.3333333333333333,0.23463936301137822,0.23463936301137822,3.0
Calochortus elegans,0.0,0.0,0.0,0.0,128.0
Calochortus eurycarpus,0.5,0.5,0.38685280723454163,0.38685280723454163,2.0
Calochortus invenustus,0.25,0.25,0.19519002499605084,0.19519002499605084,3.0
Calochortus palmeri,0.0,0.0,0.0,0.0,24.0
Calochortus subalpinus,1.0,1.0,0.43067655807339306,0.43067655807339306,4.0
Calochortus superbus,0.0,0.5,0.0,0.14434031438272124,18.0
Calochortus uniflorus,0.0,0.0,0.0,0.0,28.0
Calystegia purpurata,0.2857142857142857,0.2857142857142857,0.3108658234453849,0.3108658234453849,2.0
Camassia scilloides,0.15625,0.15625,0.6325414799409712,0.4082216177004323,1.0
Camissoniopsis bistorta,0.3333333333333333,0.3333333333333333,0.23302004682234417,0.23302004682234417,5.0
Cardamine diphylla,0.14285714285714285,0.14285714285714285,0.13743816645714543,0.13743816645714543,3.0
Cardamine nuttallii,0.0,0.0,0.0,0.0,293.0
Cardiospermum halicacabum,0.0,0.0,0.0,0.0,2898.0
Carica papaya,0.0,0.0,0.0,0.0,35.0
Cartrema americana,0.5,0.5,0.6131471927654584,0.6131471927654584,1.0
Castanea dentata,0.1875,0.1875,0.40350157154648036,0.3002511909040992,1.0
Castanea mollissima,0.09090909090909091,0.09090909090909091,0.06362078819895173,0.05994083762128167,10.0
Castilleja attenuata,0.0,0.0,0.0,0.0,247.0
Castilleja densiflora,0.6666666666666666,0.6666666666666666,0.6364391809889587,0.6364391809889587,1.0
Castilleja rhexiifolia,0.4,0.8,0.2826335043946801,0.46336780254124743,3.0
Ceanothus americanus,0.035211267605633804,0.06338028169014084,0.611019150498302,0.5378858801241083,1.0
Ceanothus verrucosus,0.6666666666666666,0.6666666666666666,0.49818925746641285,0.49818925746641285,2.0
Cenchrus setaceus,0.0,0.0,0.0,0.0,1046.0
Centaurea cyanus,0.11475409836065574,0.18032786885245902,0.7605591431973849,0.6268760027325778,1.0
Centromadia pungens,0.23076923076923078,0.3076923076923077,0.4373524791503101,0.41773558076501005,1.0
Cerastium fontanum,0.14285714285714285,0.2857142857142857,0.11838279295536291,0.18873959619507008,4.0
Cerastium velutinum,0.0,0.0,0.0,0.0,75.0
Ceratiola ericoides,1.0,1.0,0.3010299956639812,0.3010299956639812,9.0
Cercis occidentalis,0.15384615384615385,0.23076923076923078,0.35895421017163476,0.3502229165521579,1.0
Cercocarpus montanus,0.0,0.0,0.0,0.0,277.0
Chaenactis glabriuscula,0.11904761904761904,0.2619047619047619,0.6235744328990732,0.6094164831315817,1.0
Chamaenerion angustifolium,0.10416666666666667,0.19791666666666666,1.0,0.961615361834617,1.0
Chimaphila maculata,1.0,1.0,0.6052602440527057,0.6052602440527057,2.0
Chimaphila umbellata,0.5555555555555556,0.8888888888888888,0.6230734794245023,0.8085229057814424,1.0
Chiococca alba,0.0,0.0,0.0,0.0,63.0
Chorispora tenella,0.3333333333333333,0.6666666666666666,0.2960819109658652,0.41933775015858876,2.0
Chorizanthe rigida,1.0,1.0,0.38685280723454163,0.38685280723454163,5.0
Chromolaena odorata,0.07317073170731707,0.13414634146341464,0.643121141594021,0.5985936739071465,1.0
Chrysobalanus icaco,0.05,0.2,0.1100458831490401,0.17293129312954528,3.0
Chrysolepis chrysophylla,0.5,0.5,0.21840743681816419,0.21840743681816419,6.0
Chrysothamnus viscidiflorus,0.13953488372093023,0.23255813953488372,0.6754160255557639,0.5797705021356855,1.0
Chylismia cardiophylla,0.6666666666666666,0.6666666666666666,0.6364391809889587,0.6364391809889587,1.0
Cirsium andersonii,0.2727272727272727,0.5454545454545454,0.45374257454118555,0.5893549567547703,1.0
Cirsium occidentale,0.15,0.275,0.6780494608112013,0.6217165831909126,1.0
Cirsium remotifolium,0.6666666666666666,1.0,0.38364913903790027,0.5009688205435894,4.0
Cirsium undulatum,0.14285714285714285,0.30612244897959184,0.6726934039987302,0.7176605493178033,1.0
Clarkia cylindrica,0.0,0.3333333333333333,0.0,0.1125388887954676,17.0
Clarkia rhomboidea,0.5,0.5,0.5205067333228022,0.5205067333228022,1.0
Claytonia gypsophiloides,0.0,0.0,0.0,0.0,73.0
Claytonia perfoliata,0.14285714285714285,0.23809523809523808,0.38113435412202007,0.3184192779480861,1.0
Claytonia sibirica,0.4,0.6,0.5388856921828066,0.6597559305165953,1.0
Clematis virginiana,0.050359712230215826,0.08633093525179857,0.793584067764911,0.6937681631334294,1.0
Cliftonia monophylla,0.0,0.0,0.0,0.0,1724.0
Clinopodium chandleri,1.0,1.0,0.38685280723454163,0.38685280723454163,5.0
Cochemiea dioica,0.3333333333333333,0.3333333333333333,0.23463936301137822,0.23463936301137822,3.0
Collinsia verna,0.16,0.16,0.5541432109622959,0.3576259347258153,1.0
Colocasia esculenta,1.0,1.0,0.6309297535714575,0.6309297535714575,2.0
Comarum palustre,0.0,0.25,0.0,0.08887792306803073,20.0
Commelina diffusa,0.3333333333333333,0.3333333333333333,0.46927872602275644,0.46927872602275644,1.0
Comptonia peregrina,0.0,0.2,0.0,0.09460634670666435,11.0
Conium maculatum,0.046875,0.078125,0.3120490772217807,0.2744448439965214,2.0
Cordylanthus rigidus,0.3,0.3,0.4373524791503101,0.4373524791503101,1.0
Coreopsis leavenworthii,0.13333333333333333,0.2,0.22400556151517556,0.21455730453136096,2.0
Cornus foemina,0.4,0.4,0.32097939710179135,0.32097939710179135,2.0
Corydalis aurea,0.2,0.2,0.10209739512291163,0.10209739512291163,9.0
Crataegus crus-galli,0.10526315789473684,0.10526315789473684,0.17318663334822615,0.11550420702838875,4.0
Crotalaria rotundifolia,0.0,0.0,0.0,0.0,81.0
Croton michauxii,0.0,0.0,0.0,0.0,122.0
Cucumis melo,0.08695652173913043,0.13043478260869565,0.29345568839744024,0.22172501065986286,1.0
Cydonia oblonga,0.0,0.0,0.0,0.0,43.0
Cylindropuntia echinocarpa,0.3333333333333333,0.6666666666666666,0.3936948167222715,0.5454851402046296,1.0
Cynoglossum officinale,0.24242424242424243,0.42424242424242425,0.8200685179888284,0.7458436930390152,1.0
Delphinium treleasei,0.0,0.0,0.0,0.0,40.0
Delphinium variegatum,0.0,0.6666666666666666,0.0,0.21937969305725782,17.0
Desmodium canadense,0.19047619047619047,0.2857142857142857,0.8318477135310892,0.6805357806510742,1.0
Desmodium sessilifolium,0.0,0.07142857142857142,0.0,0.0468068519596648,13.0
Diapensia lapponica,0.125,0.125,0.0901000086523677,0.0901000086523677,6.0
Dicentra eximia,0.3333333333333333,0.5,0.48864468918810133,0.5354286887429724,1.0
Dichanthelium clandestinum,0.0,0.2,0.0,0.08681077623592635,14.0
Dichelostemma volubile,0.0,0.0,0.0,0.0,46.0
Dieteria canescens,0.17647058823529413,0.29411764705882354,0.39327839964630634,0.3545587640207698,1.0
Diodia virginiana,0.0,0.0,0.0,0.0,36.0
Diospyros virginiana,0.09090909090909091,0.09090909090909091,0.24890832702259466,0.1606373070201721,2.0
Diplacus aurantiacus,0.0,0.2222222222222222,0.0,0.11923862535300643,13.0
Diplacus brevipes,0.3333333333333333,0.3333333333333333,0.46927872602275644,0.46927872602275644,1.0
Dipterostemon capitatus,0.13333333333333333,0.3333333333333333,0.2863459897524693,0.3418875018126819,1.0
Dithyrea californica,1.0,1.0,0.43067655807339306,0.43067655807339306,4.0
Draba verna,0.0,0.0,0.0,0.0,28.0
Dryas hookeriana,0.0,0.0,0.0,0.0,2665.0
Dudleya edulis,0.6666666666666666,0.6666666666666666,0.5734133100049832,0.5734133100049832,2.0
Dysphania ambrosioides,0.0,0.0,0.0,0.0,26.0
Echinocereus fendleri,0.0,0.0,0.0,0.0,227.0
Ehretia anacua,1.0,1.0,0.519301112470348,0.519301112470348,4.0
Elaeagnus angustifolia,0.18181818181818182,0.2727272727272727,0.2895229882348575,0.3215910950175404,1.0
Elephantopus tomentosus,0.36363636363636365,0.36363636363636365,0.4447551423209718,0.41902963672384447,1.0
Elymus virginicus,1.0,1.0,0.3010299956639812,0.3010299956639812,9.0
Epilobium brachycarpum,0.5,0.625,0.5684696591723852,0.6317053348642995,1.0
Eremalche exilis,0.5,1.0,0.21840743681816419,0.36027633868415837,6.0
Eremogone congesta,0.75,0.75,0.6542448095688422,0.6542448095688422,1.0
Ericameria cuneata,0.4,0.4,0.48522855511632257,0.48522855511632257,1.0
Ericameria parishii,0.4,0.5,0.48882922182497557,0.5406407853701507,1.0
Ericameria resinosa,0.0,0.0,0.0,0.0,3790.0
Erigeron divergens,0.0,0.0,0.0,0.0,32.0
Erigeron speciosus,0.14545454545454545,0.2727272727272727,0.7065443116025598,0.7119725273878467,2.0
Eriocaulon compressum,0.0,0.0,0.0,0.0,261.0
Eriodictyon angustifolium,1.0,1.0,0.3010299956639812,0.3010299956639812,9.0
Eriogonum gracile,0.0,0.25,0.0,0.09550669086270785,16.0
Eriogonum incanum,0.0,0.0,0.0,0.0,62.0
Eriogonum plumatella,0.15,0.2,0.39327839964630634,0.2921936761516891,1.0
Erodium cicutarium,0.10204081632653061,0.20408163265306123,0.6086182388744241,0.570762791120166,1.0
Eryngium aristulatum,0.5,1.0,0.6131471927654584,0.7741900178546666,1.0
Eryngium yuccifolium,0.0410958904109589,0.0776255707762557,0.9337457765456111,0.8893933864282343,1.0
Erythronium umbilicatum,0.3,0.3,0.2784805894273037,0.2784805894273037,2.0
Eubotrys racemosa,1.0,1.0,0.5,0.5,3.0
Eucalyptus globulus,0.4,0.6,0.36005461457723403,0.4546609612838984,2.0
Euonymus atropurpureus,0.0,0.0,0.0,0.0,25.0
Eupatorium capillifolium,0.0625,0.1875,0.1100458831490401,0.16138374532682587,3.0
Eupatorium leptophyllum,0.0,0.3333333333333333,0.0,0.1309019901681972,11.0
Euphorbia cyparissias,0.030303030303030304,0.06060606060606061,0.1100458831490401,0.10653002972524296,3.0
Euphorbia oblongata,0.1111111111111111,0.1111111111111111,0.1175227747072427,0.1175227747072427,3.0
Euphorbia serpillifolia,0.0,0.0,0.0,0.0,128.0
Euploca polyphylla,0.2,0.3,0.2122263659729146,0.2717035587019568,2.0
Eurybia divaricata,0.06976744186046512,0.13953488372093023,0.6530488081313036,0.6316820606331818,1.0
Eurybia radulina,1.0,1.0,0.3333333333333333,0.3333333333333333,7.0
Eurybia schreberi,0.0,0.0,0.0,0.0,56.0
Eustoma exaltatum,0.0,1.0,0.0,0.26264953503719357,13.0
Fallugia paradoxa,0.10714285714285714,0.21428571428571427,0.428385432108412,0.3811972389032026,1.0
Forestiera segregata,0.5,0.5,0.23719771276929622,0.23719771276929622,5.0
Fouquieria splendens,0.3076923076923077,0.38461538461538464,0.4920062203073638,0.46310539684368046,1.0
Fragaria chiloensis,0.23076923076923078,0.23076923076923078,0.3436966913921455,0.29159525626675936,2.0
Frasera albicaulis,0.375,0.625,0.45920859271393394,0.5930008509968167,1.0
Frasera fastigiata,0.6666666666666666,1.0,0.41618115554873086,0.5394369947414545,3.0
Frasera parryi,0.0,0.3333333333333333,0.0,0.15697663975312035,11.0
Fraxinus velutina,0.0,0.0,0.0,0.0,805.0
Fumaria capreolata,1.0,1.0,1.0,1.0,1.0
Funastrum heterophyllum,0.3333333333333333,0.4444444444444444,0.6785038377365556,0.547476098058649,1.0
Gaillardia pinnatifida,0.3333333333333333,0.4444444444444444,0.5008655546918773,0.5626001589581536,1.0
Galanthus nivalis,0.2727272727272727,0.2727272727272727,0.3785009188665827,0.35660768688278477,1.0
Galearis spectabilis,0.09523809523809523,0.09523809523809523,0.18844415212771543,0.12161570279144568,3.0
Galium aparine,0.047619047619047616,0.047619047619047616,0.08514311764162101,0.054948588071985875,5.0
Garberia heterophylla,0.2857142857142857,0.42857142857142855,0.31954962756492095,0.3552595874822214,4.0
Gelsemium sempervirens,0.4,0.4,0.4568991878452581,0.4568991878452581,1.0
Genista monspessulana,0.6666666666666666,0.6666666666666666,0.7653606369886217,0.7653606369886217,1.0
Geobalanus oblongifolius,0.17647058823529413,0.17647058823529413,0.24618570546556087,0.176267361223159,4.0
Geranium sanguineum,0.4444444444444444,0.4444444444444444,0.5484194258886879,0.5484194258886879,1.0
Geranium viscosissimum,0.1951219512195122,0.34146341463414637,0.685119869332369,0.6579203449174305,2.0
Glandularia bipinnatifida,0.22727272727272727,0.36363636363636365,0.3628476202104144,0.3378676805421917,5.0
Gnaphalium palustre,1.0,1.0,0.31546487678572877,0.31546487678572877,8.0
Gutierrezia microcephala,0.3333333333333333,0.3333333333333333,0.46927872602275644,0.46927872602275644,1.0
Gutierrezia sarothrae,0.09302325581395349,0.16279069767441862,0.46364403650820374,0.41126839899093043,1.0
Halesia diptera,0.4,0.6,0.22924436334369883,0.3090856987243668,5.0
Hamamelis virginiana,0.125,0.1875,0.24890832702259466,0.22310977603046714,2.0
Hamelia patens,0.11688311688311688,0.15584415584415584,0.9052116356304495,0.6953954315221522,1.0
Hartwrightia floridana,0.0,0.0,0.0,0.0,27.0
Hedeoma pulegioides,0.0,0.0,0.0,0.0,100.0
Helianthella castanea,0.0,0.0,0.0,0.0,58.0
Helianthus argophyllus,1.0,1.0,1.0,1.0,1.0
Helianthus giganteus,0.24,0.32,0.6835381846158709,0.5141917842171961,1.0
Helianthus mollis,0.125,0.125,0.44409732781325584,0.2866059149089866,1.0
Heliomeris multiflora,0.4166666666666667,0.5833333333333334,0.5415879285615246,0.5870473612707714,1.0
Heliotropium indicum,0.0,0.0,0.0,0.0,23.0
Helminthotheca echioides,0.12727272727272726,0.21818181818181817,0.7164850636933813,0.646403100491452,1.0
Hesperocallis undulata,1.0,1.0,0.5,0.5,3.0
Heterotheca subaxillaris,0.07407407407407407,0.16666666666666666,0.5541432109622959,0.5379985039838027,1.0
Heuchera parviflora,0.0,0.0,0.0,0.0,101.0
Hexasepalum teres,0.10526315789473684,0.15789473684210525,0.2863459897524693,0.22688561802046986,1.0
Hibiscus coccineus,0.0,0.25,0.0,0.09992090652113537,14.0
Hibiscus laevis,0.14814814814814814,0.18518518518518517,0.5103515512676449,0.3689852944798338,1.0
Hibiscus syriacus,0.1836734693877551,0.2653061224489796,0.9337457765456111,0.750187723330506,1.0
Hirschfeldia incana,0.1095890410958904,0.1917808219178082,0.8415908474314977,0.759733501724112,1.0
Holocarpha virgata,0.5,0.5,0.18457569677956817,0.18457569677956817,9.0
Hordeum jubatum,0.0,0.0,0.0,0.0,214.0
Hymenothrix dissecta,0.0,0.0,0.0,0.0,440.0
Hymenoxys richardsonii,0.0,0.0,0.0,0.0,914.0
Hypericum fasciculatum,0.5,0.5,0.6131471927654584,0.6131471927654584,1.0
Hypericum galioides,0.5,1.0,0.6131471927654584,0.7631539858737962,1.0
Hypericum mutilum,0.5,0.5,0.6131471927654584,0.6131471927654584,1.0
Hypericum prolificum,0.1891891891891892,0.2972972972972973,0.7254521107352793,0.607853535746726,1.0
Hypericum tetrapetalum,0.2,0.2,0.10209739512291163,0.10209739512291163,9.0
Hypochaeris glabra,0.3333333333333333,0.5,0.4539036202482202,0.525138925592098,1.0
Hypoxis juncea,0.0,0.0,0.0,0.0,207.0
Impatiens pallida,0.05714285714285714,0.08571428571428572,0.29345568839744024,0.22574300750008186,1.0
Indigofera spicata,0.0,0.3333333333333333,0.0,0.11480929472601784,16.0
Inula helenium,0.25,0.4166666666666667,0.6969383549984333,0.5941672258740589,1.0
Ipomoea purpurea,0.08108108108108109,0.13513513513513514,0.4323181322709948,0.34942326695940784,1.0
Iris savannarum,0.0,0.25,0.0,0.09361800268759637,17.0
Iva axillaris,0.0,0.0,0.0,0.0,47.0
Jacobaea vulgaris,0.0975609756097561,0.21951219512195122,0.47890155528769296,0.48115042115609913,1.0
Jeffersonia diphylla,0.4,0.4,0.252016380211836,0.252016380211836,5.0
Johnstonella angustifolia,0.3333333333333333,0.6,0.6086182388744241,0.6340765330843566,1.0
Justicia californica,0.16666666666666666,0.3333333333333333,0.5174612499126158,0.47725912658514547,1.0
Justicia pilosella,0.0,1.0,0.0,0.23981246656813146,17.0
Kallstroemia grandiflora,0.3333333333333333,0.3333333333333333,0.4935232796777481,0.4935232796777481,1.0
Kalmia microphylla,1.0,1.0,0.5,0.5,3.0
Keckiella rothrockii,1.0,1.0,0.7328286204777911,0.7328286204777911,2.0
Kerria japonica,1.0,1.0,0.6309297535714575,0.6309297535714575,2.0
Kolkwitzia amabilis,0.16666666666666666,0.16666666666666666,0.39375843764607205,0.2718439511287033,1.0
Lactuca virosa,0.0,0.0,0.0,0.0,121.0
Lantana velutina,0.1111111111111111,0.3333333333333333,0.1012286082123002,0.22648148795870243,4.0
Leontodon saxatilis,1.0,1.0,0.3010299956639812,0.3010299956639812,9.0
Leptosiphon androsaceus,0.0,0.0,0.0,0.0,206.0
Lespedeza bicolor,1.0,1.0,0.8175295903539445,0.8175295903539445,1.0
Lespedeza capitata,0.13043478260869565,0.1956521739130435,0.6528642754944295,0.5323280760583039,1.0
Lespedeza stuevei,0.5,0.5,0.6131471927654584,0.6131471927654584,1.0
Liatris elegantula,0.0,0.0,0.0,0.0,66.0
Liatris hirsuta,0.0,0.5,0.0,0.14704034066641014,17.0
Liatris ligulistylis,0.19230769230769232,0.38461538461538464,0.5391870169376467,0.5254274680992371,1.0
Liatris quadriflora,0.14285714285714285,0.42857142857142855,0.09162544430476362,0.23061585604883061,7.0
Ligustrum japonicum,0.2222222222222222,0.3888888888888889,0.542364015420035,0.4897671749598771,1.0
Ligustrum lucidum,0.6666666666666666,0.6666666666666666,0.5307212739772434,0.5307212739772434,2.0
Ligustrum vulgare,0.18181818181818182,0.2727272727272727,0.16354138662029635,0.20206070420908584,5.0
Lilium kelloggii,0.0,0.0,0.0,0.0,51.0
Limonium californicum,0.0,1.0,0.0,0.24465054211822604,16.0
Limonium sinuatum,0.36363636363636365,0.6363636363636364,0.5103515512676449,0.6378664959884922,1.0
Linum bienne,0.0,0.0,0.0,0.0,23.0
Liriodendron tulipifera,0.09090909090909091,0.09090909090909091,0.4779671403625729,0.3084643860267747,1.0
Lithophragma affine,0.0,0.0,0.0,0.0,478.0
Lithophragma glabrum,1.0,1.0,0.3333333333333333,0.3333333333333333,7.0
Lithospermum occidentale,0.8333333333333334,1.0,0.8529794827885765,0.9347542005377485,1.0
Lobelia inflata,0.03571428571428571,0.07142857142857142,0.2200917662980802,0.17610301188963978,1.0
Lomatium dasycarpum,0.16666666666666666,0.16666666666666666,0.16815228646891087,0.150019405206864,4.0
Lonicera caerulea,0.08333333333333333,0.16666666666666666,0.22716217481924805,0.2609650436432293,5.0
Lonicera conjugialis,0.0,0.0,0.0,0.0,43.0
Lonicera japonica,0.21052631578947367,0.2631578947368421,0.8263333286520084,0.6045381579891846,1.0
Lonicera villosa,0.0,1.0,0.0,0.2559580248098155,14.0
Lotus corniculatus,0.07758620689655173,0.1206896551724138,0.9305687780632229,0.7737408993414024,1.0
Ludwigia maritima,0.0,0.0,0.0,0.0,112.0
Luina hypoleuca,0.5,0.5,0.6131471927654584,0.6131471927654584,1.0
Lupinus albifrons,0.2777777777777778,0.3333333333333333,0.5548010254700118,0.42408695779524297,1.0
Lupinus arboreus,0.18181818181818182,0.36363636363636365,0.35895421017163476,0.4388465867759092,1.0
Lupinus arbustus,0.8571428571428571,1.0,0.7685912559873824,0.8345100273847613,1.0
Lupinus pusillus,0.6,0.6,0.4468535299918563,0.4468535299918563,3.0
Lycium barbarum,0.4,0.4,0.5531464700081437,0.5531464700081437,1.0
Lycium berlandieri,1.0,1.0,0.3562071871080222,0.3562071871080222,6.0
Lycium brevipes,0.3333333333333333,0.6666666666666666,0.24738635904833417,0.39805464353507924,4.0
Lycium californicum,0.5,0.5,0.4430895440946125,0.4430895440946125,2.0
Lycium cooperi,0.25,0.25,0.17399493535254396,0.17399493535254396,5.0
Lycopus americanus,0.11764705882352941,0.11764705882352941,0.35895421017163476,0.2570088759103378,1.0
Lysimachia clethroides,0.07291666666666667,0.13541666666666666,0.7600791051976192,0.7080933286684006,1.0
Magnolia virginiana,0.2,0.2,0.16958010263680806,0.16958010263680806,3.0
Malacothamnus fasciculatus,0.17857142857142858,0.32142857142857145,0.6421867266689011,0.5516344704373207,1.0
Malacothamnus jonesii,1.0,1.0,0.43067655807339306,0.43067655807339306,4.0
Malosma laurina,0.1111111111111111,0.2,0.5957616317188127,0.5289896380632173,1.0
Malvaviscus arboreus,0.11428571428571428,0.14285714285714285,0.510069131458292,0.36756660106588657,1.0
Marshallia caespitosa,0.14285714285714285,0.14285714285714285,0.17342765698823945,0.17342765698823945,2.0
Mecardonia acuminata,0.0,0.0,0.0,0.0,42.0
Medeola virginiana,0.0,0.0,0.0,0.0,290.0
Medicago lupulina,0.08163265306122448,0.14285714285714285,0.5077181160122075,0.43437422519887964,1.0
Melilotus officinalis,0.05303030303030303,0.09090909090909091,0.77523873680463,0.6799765877818511,1.0
Melothria pendula,0.2,0.2,0.3391602052736161,0.3391602052736161,1.0
Menyanthes trifoliata,0.14285714285714285,0.14285714285714285,0.08274602130532002,0.08274602130532002,9.0
Mertensia longiflora,0.0,0.0,0.0,0.0,27.0
Mertensia virginica,0.15217391304347827,0.17391304347826086,0.791726719367984,0.5464645834918189,1.0
Micranthes occidentalis,0.0,0.0,0.0,0.0,3226.0
Micranthes petiolaris,0.5,0.5,0.17723928678404774,0.17723928678404774,10.0
Mikania scandens,0.10638297872340426,0.1702127659574468,1.0,0.8552095000007943,1.0
Mirabilis laevis,0.29411764705882354,0.4117647058823529,0.5135081645717172,0.446848608465616,1.0
Mitella diphylla,0.0,0.0,0.0,0.0,4001.0
Monardella breweri,0.16666666666666666,0.5,0.30260241349881345,0.4664896052879096,1.0
Monoptilon bellioides,0.6666666666666666,0.6666666666666666,0.3501483019834802,0.3501483019834802,4.0
Mucronea californica,0.0,0.0,0.0,0.0,1201.0
Muscari neglectum,0.5,0.5,0.7222954974312067,0.6444059916381786,1.0
Myosotis discolor,1.0,1.0,0.6309297535714575,0.6309297535714575,2.0
Myosotis verna,0.0,0.05263157894736842,0.0,0.03455493906480356,18.0
Nabalus albus,1.0,1.0,0.31546487678572877,0.31546487678572877,8.0
Nabalus altissimus,0.25,0.5,0.3903800499921017,0.4858867408548096,1.0
Nabalus racemosus,0.6,0.8,0.40777831251641367,0.4849950007991675,3.0
Nabalus trifoliolatus,0.4,0.6,0.48522855511632257,0.5768825830446555,1.0
Nandina domestica,0.6,0.8,0.6739577727076379,0.7630380429258723,1.0
Narthecium californicum,1.0,1.0,1.0,1.0,1.0
Nassella pulchra,0.0,0.0,0.0,0.0,11731.0
Navarretia squarrosa,1.0,1.0,1.0,1.0,1.0
Nemophila heterophylla,0.0,0.0,0.0,0.0,752.0
Neptunia lutea,0.0,0.0,0.0,0.0,32.0
Nigella damascena,0.6,0.8,0.4521844746141331,0.5369745259325371,2.0
Nothochelone nemorosa,0.5,0.5,0.21840743681816419,0.21840743681816419,6.0
Oenothera pallida,0.16666666666666666,0.16666666666666666,0.19092086617893467,0.19092086617893467,2.0
Oenothera simulans,0.0,0.5,0.0,0.15000679310833784,16.0
Oenothera speciosa,0.13559322033898305,0.22033898305084745,0.8553475075669357,0.734223647236765,1.0
Oenothera suffulta,0.0,0.0,0.0,0.0,22.0
Oenothera triloba,0.0,0.0,0.0,0.0,39.0
Opuntia cymochila,0.0,0.0,0.0,0.0,154.0
Opuntia rufida,0.0,0.0,0.0,0.0,27.0
Orthocarpus cuspidatus,1.0,1.0,0.9066276098484507,0.9066276098484507,1.0
Orthocarpus luteus,1.0,1.0,0.6309297535714575,0.6309297535714575,2.0
Osmadenia tenella,0.25,0.25,0.4125317798925535,0.4125317798925535,1.0
Oxalis californica,0.3333333333333333,0.6666666666666666,0.13565197343244778,0.2529716549381369,10.0
Oxydendrum arboreum,0.375,0.375,0.48867512060993706,0.48867512060993706,1.0
Oxypolis rigidior,0.06666666666666667,0.2,0.2200917662980802,0.25704209933595806,1.0
Packera paupercula,0.0,0.16666666666666666,0.0,0.09734847031717303,14.0
Palafoxia feayi,0.3,0.3,0.38431135260440824,0.38431135260440824,1.0
Paspalum notatum,0.25,0.75,0.3903800499921017,0.5894936369148084,1.0
Pectis papposa,0.2631578947368421,0.3157894736842105,0.552265477387053,0.40927027515952386,1.0
Pedicularis racemosa,0.75,1.0,0.6672627586698946,0.793888042617317,2.0
Pediocactus nigrispinus,0.0,1.0,0.0,0.25,15.0
Pediomelum argophyllum,0.5,1.0,0.5294362295028773,0.7408631291893314,1.0
Penstemon confertus,0.47368421052631576,0.7368421052631579,0.77990823370192,0.7094446754595082,2.0
Penstemon eatonii,0.0,0.3333333333333333,0.0,0.10858087310103355,19.0
Penstemon palmeri,0.3333333333333333,0.6666666666666666,0.2399277698516716,0.4171907381078142,4.0
Penstemon spectabilis,0.3333333333333333,0.3333333333333333,0.6399441431116328,0.44180626427999553,1.0
Perideridia gairdneri,0.75,0.875,0.7752577464253015,0.8359165598764231,1.0
Persicaria longiseta,0.23529411764705882,0.35294117647058826,0.46364403650820374,0.4148863507096496,1.0
Persicaria pensylvanica,0.15151515151515152,0.21212121212121213,0.633219679627003,0.4800290282559601,1.0
Petasites frigidus,0.18181818181818182,0.18181818181818182,0.16104258782393985,0.1517275701878969,4.0
Phacelia hirsuta,0.0,0.0,0.0,0.0,7818.0
Phacelia imbricata,0.375,0.5,0.45920859271393394,0.5224442684058482,1.0
Phacelia nemoralis,0.6666666666666666,0.6666666666666666,0.6229145942507552,0.6229145942507552,1.0
Phacelia parryi,1.0,1.0,0.9197207891481876,0.9197207891481876,1.0
Phacelia pedicellata,1.0,1.0,1.0,1.0,1.0
Phleum pratense,0.2,0.35,0.4959389204699465,0.43213146357895654,1.0
Phlox stolonifera,0.5,0.5,0.41670506517877265,0.41670506517877265,2.0
Pholistoma membranaceum,0.0,0.0,0.0,0.0,37.0
Phyla nodiflora,0.03968253968253968,0.07142857142857142,0.5446757407423164,0.49185027725345043,1.0
Physalis angulata,0.0,0.0,0.0,0.0,67.0
Physocarpus intermedius,0.25,0.25,0.18216582889104613,0.18216582889104613,5.0
Physocarpus opulifolius,0.056338028169014086,0.11267605633802817,0.3156169274023381,0.3453187647964311,4.0
Physostegia purpurea,0.0,0.0,0.0,0.0,76.0
Pinguicula planifolia,1.0,1.0,0.3010299956639812,0.3010299956639812,9.0
Platanthera ciliaris,0.16666666666666666,0.16666666666666666,0.10778915452451093,0.10778915452451093,6.0
Platanthera grandiflora,0.0,0.16666666666666666,0.0,0.06889356673757306,20.0
Platanthera integrilabia,0.0,0.0,0.0,0.0,35.0
Plumbago auriculata,0.17391304347826086,0.2608695652173913,0.435109895593042,0.3588114248287623,1.0
Poa pratensis,0.08333333333333333,0.08333333333333333,0.17366667134799182,0.1120787992037177,3.0
Polanisia dodecandra,0.2727272727272727,0.4090909090909091,0.6242322474067891,0.5070636993773832,1.0
Polygonatum biflorum,0.13636363636363635,0.18181818181818182,0.44409732781325584,0.3194708854765636,1.0
Polytaenia texana,0.10526315789473684,0.15789473684210525,0.3052348839397012,0.2381267306358565,1.0
Pombalia verticillata,0.0,1.0,0.0,0.26264953503719357,13.0
Portulaca amilis,1.0,1.0,0.2890648263178879,0.2890648263178879,10.0
Portulaca pilosa,0.1,0.2,0.09478836436955079,0.15426555709859296,4.0
Potentilla argentea,0.25,0.375,0.18205333106166585,0.24057876165984643,4.0
Potentilla thurberi,0.0,0.0,0.0,0.0,38.0
Primula hendersonii,0.375,0.625,0.5214682725103094,0.6505502856994584,1.0
Primula tetrandra,1.0,1.0,0.5,0.5,3.0
Prunella vulgaris,0.07142857142857142,0.14285714285714285,0.9337457765456111,0.9199349371185236,1.0
Prunus americana,0.08695652173913043,0.11594202898550725,0.715550648768261,0.5322122851288854,1.0
Prunus andersonii,0.25,0.25,0.3903800499921017,0.3903800499921017,1.0
Prunus cerasifera,0.25,0.25,0.24630238874073,0.24630238874073,2.0
Pseudognaphalium californicum,0.16666666666666666,0.16666666666666666,0.2863459897524693,0.2554675643615377,1.0
Pulsatilla nuttalliana,0.125,0.1875,0.17993148201117182,0.17316444229827854,4.0
Pycnanthemum tenuifolium,0.04716981132075472,0.08962264150943396,1.0,0.9671350294324229,1.0
Quercus cornelius-mulleri,0.0,0.25,0.0,0.09032543842038994,19.0
Quercus macrocarpa,0.0,0.0,0.0,0.0,25.0
Quercus phellos,0.0,0.0,0.0,0.0,105.0
Quercus stellata,0.0,0.0,0.0,0.0,68.0
Quercus virginiana,0.0,0.0,0.0,0.0,60.0
Quercus wislizeni,0.3333333333333333,0.3333333333333333,0.1480409554829326,0.1480409554829326,8.0
Rhexia cubensis,0.0,0.0,0.0,0.0,4082.0
Rhizophora mangle,0.0,0.0,0.0,0.0,108.0
Rhododendron maximum,0.3076923076923077,0.5384615384615384,0.5321408435198609,0.595757483721903,1.0
Rhodotypos scandens,0.25,0.25,0.26852556974265224,0.26852556974265224,2.0
Rhynchospora latifolia,0.0,0.0,0.0,0.0,58.0
Ribes americanum,0.5,0.5,0.312706129752478,0.312706129752478,3.0
Ribes glandulosum,0.0,0.0,0.0,0.0,150.0
Ribes montigenum,0.0,1.0,0.0,0.26264953503719357,13.0
Ribes rubrum,0.4,0.4,0.460012661100461,0.460012661100461,1.0
Romulea rosea,0.0,0.0,0.0,0.0,24.0
Rosa acicularis,0.10256410256410256,0.23076923076923078,0.4073174795910972,0.44099874304889436,2.0
Rosa blanda,0.2,0.25,0.36933625363427175,0.2756643090645232,2.0
Rosa palustris,0.375,0.4375,0.706583601726363,0.5700366047116627,1.0
Rotanthella floridana,0.0,0.0,0.0,0.0,45.0
Rubus flagellaris,0.13043478260869565,0.21739130434782608,0.4249260138166711,0.34992476336034534,1.0
Rubus odoratus,0.25,0.3,1.0,0.7174242715252555,1.0
Rudbeckia hirta,0.03355704697986577,0.06711409395973154,1.0,1.0,1.0
Rudbeckia missouriensis,0.0,0.0,0.0,0.0,36.0
Ruellia nudiflora,0.2,0.2,0.09803928583135704,0.09803928583135704,10.0
Sagittaria engelmanniana,0.0,0.0,0.0,0.0,53.0
Sagittaria graminea,0.0,0.0,0.0,0.0,177.0
Sairocarpus coulterianus,0.6666666666666666,1.0,0.5307212739772434,0.6455305687032613,2.0
Salix bebbiana,0.0,0.0,0.0,0.0,89.0
Salix commutata,0.5,1.0,0.38685280723454163,0.5437927516124715,2.0
Salix discolor,0.15384615384615385,0.23076923076923078,0.7007731679885375,0.562983649039859,1.0
Salix exigua,0.6666666666666666,0.6666666666666666,0.7039180890341347,0.7039180890341347,1.0
Salix gooddingii,0.4,0.4,0.4412576003965278,0.4412576003965278,1.0
Salix laevigata,0.0,0.0,0.0,0.0,76.0
Salvia arizonica,0.0,0.0,0.0,0.0,6082.0
Salvia carduacea,0.25,0.25,0.20678808725291634,0.20678808725291634,4.0
Salvia coccinea,0.14814814814814814,0.18518518518518517,0.8669479898642711,0.6323166857462404,1.0
Salvia columbariae,0.25,0.25,0.6136525857537394,0.39603134214347807,1.0
Salvia dorrii,0.25,0.2916666666666667,0.6961622681399229,0.48563668507586016,1.0
Salvia leucophylla,0.1951219512195122,0.2926829268292683,0.826813366651774,0.6827105160158993,1.0
Salvia lyrata,0.3181818181818182,0.36363636363636365,0.7600791051976192,0.52339520730877,1.0
Salvia munzii,0.2727272727272727,0.36363636363636365,0.3070147303424654,0.33646638160157166,2.0
Sanguinaria canadensis,0.1702127659574468,0.2127659574468085,0.8603818544462509,0.6240755010218759,1.0
Sanicula crassicaulis,0.15,0.2,0.45374257454118555,0.3275808149139012,1.0
Scandix pecten-veneris,0.0,0.0,0.0,0.0,31.0
Sedum divergens,1.0,1.0,0.812653045383133,0.812653045383133,1.0
Sedum oregonense,1.0,1.0,1.0,1.0,1.0
Sedum pulchellum,0.4,0.4,0.227804435066758,0.227804435066758,6.0
Sedum sarmentosum,0.0,0.0,0.0,0.0,158.0
Sedum stenopetalum,0.4,0.6,0.3241295975188818,0.438629731822444,3.0
Senecio vulgaris,0.375,0.375,0.261847869624114,0.26184786962411405,4.0
Senega cruciata,0.0,0.0,0.0,0.0,57.0
Senega curtissii,0.0,0.0,0.0,0.0,192.0
Senna marilandica,0.1,0.2,0.3301376494471203,0.28380430120164407,1.0
Senna obtusifolia,1.0,1.0,1.0,1.0,1.0
Sidalcea campestris,0.4444444444444444,0.5555555555555556,0.48256607501657156,0.5378978923959,1.0
Sidalcea virgata,0.17391304347826086,0.2608695652173913,0.3764459522792427,0.31863731459276035,2.0
Sideroxylon celastrinum,0.2857142857142857,0.2857142857142857,0.4483039899025303,0.4483039899025303,1.0
Silphium asteriscus,0.14705882352941177,0.23529411764705882,0.49152618230759804,0.42794247671771574,2.0
Sisymbrium irio,0.3333333333333333,0.4444444444444444,0.5008655546918773,0.5596269420454987,1.0
Sisyrinchium montanum,0.5,0.5,0.20438239758848611,0.20438239758848611,7.0
Sixalix atropurpurea,0.1935483870967742,0.41935483870967744,0.5868720866710774,0.623036737630606,1.0
Solanum americanum,0.0,0.0,0.0,0.0,98.0
Solanum umbelliferum,0.3333333333333333,0.3333333333333333,0.45749139526970906,0.45749139526970906,1.0
Solidago canadensis,0.05142857142857143,0.09142857142857143,0.9305687780632229,0.8539055639568808,1.0
Solidago curtisii,1.0,1.0,1.0,1.0,1.0
Solidago fistulosa,0.3,0.4,0.4323181322709948,0.4901251323547003,1.0
Solidago juncea,0.09375,0.15625,0.715550648768261,0.6072991937462585,1.0
Solidago odora,0.09803921568627451,0.19607843137254902,0.627507133061656,0.5818154392386994,1.0
Solidago ptarmicoides,0.1111111111111111,0.2222222222222222,0.07075576072108063,0.129517148074702,9.0
Solidago uliginosa,0.25,0.25,0.4125317798925535,0.4125317798925535,1.0
Sonchus arvensis,0.1267605633802817,0.22535211267605634,0.9337457765456111,0.8504820688435941,1.0
Sonchus asper,0.08695652173913043,0.13043478260869565,0.5388856921828066,0.4159668943706005,1.0
Spergularia rubra,0.14285714285714285,0.2857142857142857,0.07945707943276742,0.14203824250827043,10.0
Spiraea lucida,0.6666666666666666,0.6666666666666666,0.4776237035032179,0.4776237035032179,2.0
Spiranthes praecox,0.0,0.0,0.0,0.0,38.0
Spiranthes romanzoffiana,0.25,0.5,0.24630238874073,0.3551961498089622,2.0
Sporobolus pumilus,0.5,0.5,0.38685280723454163,0.38685280723454163,2.0
Stachys stebbinsii,0.14285714285714285,0.42857142857142855,0.27487633291429087,0.4157915571755309,1.0
Stanleya pinnata,0.1111111111111111,0.16666666666666666,0.2895229882348575,0.23786849486862902,1.0
Stenanthium densum,0.0,0.0,0.0,0.0,23.0
Stenanthium gramineum,0.07142857142857142,0.07142857142857142,0.2200917662980802,0.1782102981946514,1.0
Symphoricarpos longiflorus,1.0,1.0,0.5,0.5,3.0
Symphyotrichum adnatum,0.0,0.0,0.0,0.0,35.0
Symphyotrichum chilense,0.08695652173913043,0.21739130434782608,0.5009732673492617,0.5396826205821386,1.0
Symphyotrichum firmum,0.18181818181818182,0.36363636363636365,0.35895421017163476,0.44576135775799064,1.0
Symphyotrichum pratense,0.0,0.0,0.0,0.0,62.0
Symphyotrichum subspicatum,0.1935483870967742,0.3870967741935484,0.6429424283490957,0.6187442362400523,1.0
Symphyotrichum tenuifolium,0.14285714285714285,0.2857142857142857,0.314880130667631,0.3411488348713625,1.0
Syngonanthus flavidulus,0.0,1.0,0.0,0.25,15.0
Tamarix ramosissima,0.23809523809523808,0.42857142857142855,0.5763233549126812,0.5183209611127251,1.0
Tecoma stans,0.15384615384615385,0.23076923076923078,0.706583601726363,0.5674933504641875,1.0
Tephrosia onobrychoides,0.0,0.0,0.0,0.0,5004.0
Tetradymia axillaris,0.0,0.0,0.0,0.0,207.0
Teucrium cubense,0.3333333333333333,0.3333333333333333,0.14126697285982898,0.14126697285982898,9.0
Thermopsis montana,0.4,0.6666666666666666,0.4892835987503299,0.5538077177849849,3.0
Thymophylla tenuiloba,0.0,0.3333333333333333,0.0,0.11480929472601784,16.0
Tiedemannia filiformis,0.0,0.1,0.0,0.05181156354517515,18.0
Torilis nodosa,1.0,1.0,0.5,0.5,3.0
Tradescantia fluminensis,0.14285714285714285,0.2857142857142857,0.07945707943276742,0.1537391523352749,10.0
Tragopogon dubius,0.14285714285714285,0.19047619047619047,0.2687374555268953,0.211819017270647,2.0
Tribulus terrestris,0.26666666666666666,0.4,0.5077181160122075,0.4810321658288341,1.0
Trichostema parishii,0.5,0.5,0.44149241373678083,0.44149241373678083,2.0
Trifolium arvense,0.3076923076923077,0.46153846153846156,0.3430184917061137,0.38631099514522294,3.0
Trifolium hirtum,0.18181818181818182,0.30303030303030304,0.6961622681399229,0.5887402189321528,1.0
Trifolium incarnatum,0.2857142857142857,0.39285714285714285,0.8357804136936722,0.6437085443435041,1.0
Trifolium repens,0.041666666666666664,0.08333333333333333,1.0,1.0,1.0
Trillium ovatum,0.4,0.4,0.26687965254220064,0.26687965254220064,4.0
Turnera ulmifolia,0.23809523809523808,0.38095238095238093,0.5965377185773229,0.4867984375552949,1.0
Ulmus rubra,0.08333333333333333,0.08333333333333333,0.07839826897867534,0.06994410797740246,6.0
Vaccinium corymbosum,0.041916167664670656,0.07784431137724551,0.7849818707050383,0.7194811824487057,1.0
Vaccinium macrocarpon,0.1875,0.25,0.727329844310522,0.5351707156114974,1.0
Vaccinium uliginosum,0.6666666666666666,0.6666666666666666,0.40179981797758046,0.40179981797758046,3.0
Veratrum viride,0.0,0.0,0.0,0.0,62.0
Verbena canescens,0.0,0.0,0.0,0.0,29.0
Verbena halei,0.1,0.2,0.09478836436955079,0.15259536445325625,4.0
Vernonia arkansana,0.125,0.1875,0.20483424751859092,0.1909737553613658,3.0
Vernonia missurica,0.125,0.21875,0.542364015420035,0.45388077816095,1.0
Vesper montanus,0.0,0.0,0.0,0.0,28.0
Viburnum acerifolium,0.0,0.0,0.0,0.0,40.0
Viburnum lentago,0.0,0.0,0.0,0.0,64.0
Viburnum nudum,0.0,0.2222222222222222,0.0,0.15671941673178214,11.0
Viburnum rafinesqueanum,0.09090909090909091,0.09090909090909091,0.06625422345438904,0.06242194984105967,9.0
Viburnum rhytidophyllum,0.0,0.0,0.0,0.0,1202.0
Viburnum sieboldii,0.0,0.0,0.0,0.0,52.0
Vicia acutifolia,0.75,0.75,0.7030861797445797,0.7030861797445797,1.0
Vicia benghalensis,0.1,0.18571428571428572,0.7538142945344394,0.7002129245376875,1.0
Vinca minor,0.24324324324324326,0.3783783783783784,0.9148568823583791,0.7689504208410567,1.0
Viola lobata,0.0,0.0,0.0,0.0,109.0
Viola pedata,0.08571428571428572,0.14285714285714285,0.45374257454118555,0.36044578548147815,1.0
Viola sempervirens,0.0,0.0,0.0,0.0,50.0
Vitis rotundifolia,0.25,0.25,0.3903800499921017,0.3903800499921017,1.0
Wahlenbergia marginata,0.0,0.0,0.0,0.0,45.0
Wisteria frutescens,0.4166666666666667,0.4166666666666667,0.5333765831998211,0.4758593501355727,1.0
Xylorhiza cognata,0.14285714285714285,0.2857142857142857,0.17342765698823945,0.24067630085119068,2.0
Yucca campestris,0.0,0.0,0.0,0.0,29.0
Zanthoxylum americanum,0.09523809523809523,0.14285714285714285,0.15840915256850252,0.13953884513136555,4.0
Zephyranthes simpsonii,0.0,0.0,0.0,0.0,141.0
Zizia aurea,0.04375,0.075,0.6281460426238845,0.5842014876804696,2.0
