plant,feature,contrast,auc
Astragalus flexuosus,delta,vs random,0.9541666666666666
Astragalus flexuosus,delta,vs co-occurring,0.8866666666666666
Astragalus flexuosus,delta_local,vs random,0.9824999999999999
Astragalus flexuosus,delta_local,vs co-occurring,0.8808333333333334
Astragalus flexuosus,N,vs random,0.99125
Astragalus flexuosus,N,vs co-occurring,0.9391666666666667
Heterotheca subaxillaris,delta,vs random,0.8758796296296296
Heterotheca subaxillaris,delta,vs co-occurring,0.8245370370370371
Heterotheca subaxillaris,delta_local,vs random,0.9051851851851852
Heterotheca subaxillaris,delta_local,vs co-occurring,0.8454166666666666
Heterotheca subaxillaris,N,vs random,0.927962962962963
Heterotheca subaxillaris,N,vs co-occurring,0.8645601851851852
Lithospermum occidentale,delta,vs random,0.875
Lithospermum occidentale,delta,vs co-occurring,0.615
Lithospermum occidentale,delta_local,vs random,0.8495833333333334
Lithospermum occidentale,delta_local,vs co-occurring,0.5220833333333333
Lithospermum occidentale,N,vs random,0.8991666666666667
Lithospermum occidentale,N,vs co-occurring,0.8264583333333333
Indigofera spicata,delta,vs random,0.8975000000000001
Indigofera spicata,delta,vs co-occurring,0.7733333333333334
Indigofera spicata,delta_local,vs random,0.9966666666666666
Indigofera spicata,delta_local,vs co-occurring,0.9783333333333334
Indigofera spicata,N,vs random,1.0
Indigofera spicata,N,vs co-occurring,0.9929166666666667
Galium aparine,delta,vs random,0.5921428571428572
Galium aparine,delta,vs co-occurring,0.5344642857142857
Galium aparine,delta_local,vs random,0.6314285714285715
Galium aparine,delta_local,vs co-occurring,0.5425595238095239
Galium aparine,N,vs random,0.7156547619047618
Galium aparine,N,vs co-occurring,0.6520833333333333
Sisymbrium irio,delta,vs random,0.9359509885825675
Sisymbrium irio,delta,vs co-occurring,0.8747222222222221
Sisymbrium irio,delta_local,vs random,0.9724310776942355
Sisymbrium irio,delta_local,vs co-occurring,0.9211111111111111
Sisymbrium irio,N,vs random,0.9952659426343636
Sisymbrium irio,N,vs co-occurring,0.9858333333333333
Elephantopus tomentosus,delta,vs random,0.9186602870813397
Elephantopus tomentosus,delta,vs co-occurring,0.8393181818181819
Elephantopus tomentosus,delta_local,vs random,0.9462292093871041
Elephantopus tomentosus,delta_local,vs co-occurring,0.8324999999999999
Elephantopus tomentosus,N,vs random,0.9884939621781726
Elephantopus tomentosus,N,vs co-occurring,0.9653409090909091
Barbarea orthoceras,delta,vs random,0.8411363636363636
Barbarea orthoceras,delta,vs co-occurring,0.7529545454545454
Barbarea orthoceras,delta_local,vs random,0.8504545454545456
Barbarea orthoceras,delta_local,vs co-occurring,0.6956818181818181
Barbarea orthoceras,N,vs random,0.8706818181818183
Barbarea orthoceras,N,vs co-occurring,0.7498863636363636
Calochortus palmeri,delta,vs random,0.9608333333333333
Calochortus palmeri,delta,vs co-occurring,0.9175000000000001
Calochortus palmeri,delta_local,vs random,0.985
Calochortus palmeri,delta_local,vs co-occurring,0.8416666666666667
Calochortus palmeri,N,vs random,0.9924999999999999
Calochortus palmeri,N,vs co-occurring,0.91625
Asparagus officinalis,delta,vs random,0.8214705882352941
Asparagus officinalis,delta,vs co-occurring,0.6941176470588235
Asparagus officinalis,delta_local,vs random,0.8186764705882352
Asparagus officinalis,delta_local,vs co-occurring,0.6753676470588236
Asparagus officinalis,N,vs random,0.8423161764705882
Asparagus officinalis,N,vs co-occurring,0.7159926470588236
Sisyrinchium montanum,delta,vs random,0.9912500000000001
Sisyrinchium montanum,delta,vs co-occurring,0.95625
Sisyrinchium montanum,delta_local,vs random,0.98125
Sisyrinchium montanum,delta_local,vs co-occurring,0.9225
Sisyrinchium montanum,N,vs random,0.989375
Sisyrinchium montanum,N,vs co-occurring,0.97
Dipterostemon capitatus,delta,vs random,0.9356666666666666
Dipterostemon capitatus,delta,vs co-occurring,0.9079999999999999
Dipterostemon capitatus,delta_local,vs random,0.974
Dipterostemon capitatus,delta_local,vs co-occurring,0.9121666666666667
Dipterostemon capitatus,N,vs random,0.9924999999999999
Dipterostemon capitatus,N,vs co-occurring,0.98
Penstemon spectabilis,delta,vs random,0.9054580896686161
Penstemon spectabilis,delta,vs co-occurring,0.8201388888888889
Penstemon spectabilis,delta_local,vs random,0.968671679197995
Penstemon spectabilis,delta_local,vs co-occurring,0.7722222222222223
Penstemon spectabilis,N,vs random,0.9910888331940964
Penstemon spectabilis,N,vs co-occurring,0.9288888888888889
Claytonia sibirica,delta,vs random,0.8761904761904762
Claytonia sibirica,delta,vs co-occurring,0.7905
Claytonia sibirica,delta_local,vs random,0.9481203007518796
Claytonia sibirica,delta_local,vs co-occurring,0.7489999999999999
Claytonia sibirica,N,vs random,0.9928571428571428
Claytonia sibirica,N,vs co-occurring,0.968625
Zizia aurea,delta,vs random,0.8058103015075376
Zizia aurea,delta,vs co-occurring,0.7372421875
Zizia aurea,delta_local,vs random,0.8885521356783921
Zizia aurea,delta_local,vs co-occurring,0.767609375
Zizia aurea,N,vs random,0.9234453517587939
Zizia aurea,N,vs co-occurring,0.8489453125
Heliotropium indicum,delta,vs random,0.891875
Heliotropium indicum,delta,vs co-occurring,0.753125
Heliotropium indicum,delta_local,vs random,0.96
Heliotropium indicum,delta_local,vs co-occurring,0.8462500000000001
Heliotropium indicum,N,vs random,0.9490625
Heliotropium indicum,N,vs co-occurring,0.7975000000000001
Crotalaria rotundifolia,delta,vs random,0.9187500000000001
Crotalaria rotundifolia,delta,vs co-occurring,0.7275
Crotalaria rotundifolia,delta_local,vs random,0.9675
Crotalaria rotundifolia,delta_local,vs co-occurring,0.7625000000000001
Crotalaria rotundifolia,N,vs random,0.983125
Crotalaria rotundifolia,N,vs co-occurring,0.8362499999999999
Eryngium yuccifolium,delta,vs random,0.8940765471191575
Eryngium yuccifolium,delta,vs co-occurring,0.799200913242009
Eryngium yuccifolium,delta_local,vs random,0.9245485417957368
Eryngium yuccifolium,delta_local,vs co-occurring,0.7991552511415525
Eryngium yuccifolium,N,vs random,0.9256843578623712
Eryngium yuccifolium,N,vs co-occurring,0.8210844748858448
Pulsatilla nuttalliana,delta,vs random,0.88921875
Pulsatilla nuttalliana,delta,vs co-occurring,0.7828125
Pulsatilla nuttalliana,delta_local,vs random,0.95875
Pulsatilla nuttalliana,delta_local,vs co-occurring,0.8523437500000001
Pulsatilla nuttalliana,N,vs random,0.9890625
Pulsatilla nuttalliana,N,vs co-occurring,0.9573437499999999
Nigella damascena,delta,vs random,0.9139999999999999
Nigella damascena,delta,vs co-occurring,0.8025000000000001
Nigella damascena,delta_local,vs random,0.93
Nigella damascena,delta_local,vs co-occurring,0.7865
Nigella damascena,N,vs random,0.9742500000000001
Nigella damascena,N,vs co-occurring,0.9117500000000001
Arnoglossum atriplicifolium,delta,vs random,0.7692950324529273
Arnoglossum atriplicifolium,delta,vs co-occurring,0.6271794871794871
Arnoglossum atriplicifolium,delta_local,vs random,0.8187134502923977
Arnoglossum atriplicifolium,delta_local,vs co-occurring,0.6521153846153847
Arnoglossum atriplicifolium,N,vs random,0.8207056101792944
Arnoglossum atriplicifolium,N,vs co-occurring,0.6557371794871796
Eupatorium leptophyllum,delta,vs random,0.9033333333333332
Eupatorium leptophyllum,delta,vs co-occurring,0.7275
Eupatorium leptophyllum,delta_local,vs random,0.9666666666666667
Eupatorium leptophyllum,delta_local,vs co-occurring,0.8208333333333333
Eupatorium leptophyllum,N,vs random,0.9945833333333334
Eupatorium leptophyllum,N,vs co-occurring,0.9774999999999999
Scandix pecten-veneris,delta,vs random,0.9512500000000002
Scandix pecten-veneris,delta,vs co-occurring,0.9049999999999999
Scandix pecten-veneris,delta_local,vs random,0.9775
Scandix pecten-veneris,delta_local,vs co-occurring,0.92625
Scandix pecten-veneris,N,vs random,0.994375
Scandix pecten-veneris,N,vs co-occurring,0.9825
Symphyotrichum subspicatum,delta,vs random,0.9012903225806451
Symphyotrichum subspicatum,delta,vs co-occurring,0.7881451612903225
Symphyotrichum subspicatum,delta_local,vs random,0.9513709677419355
Symphyotrichum subspicatum,delta_local,vs co-occurring,0.7458064516129033
Symphyotrichum subspicatum,N,vs random,0.9577016129032259
Symphyotrichum subspicatum,N,vs co-occurring,0.8306854838709679
Asclepias tomentosa,delta,vs random,0.9516666666666667
Asclepias tomentosa,delta,vs co-occurring,0.8341666666666667
Asclepias tomentosa,delta_local,vs random,0.9658333333333333
Asclepias tomentosa,delta_local,vs co-occurring,0.7283333333333333
Asclepias tomentosa,N,vs random,0.9804166666666666
Asclepias tomentosa,N,vs co-occurring,0.8629166666666667
Hirschfeldia incana,delta,vs random,0.845376712328767
Hirschfeldia incana,delta,vs co-occurring,0.7681164383561645
Hirschfeldia incana,delta_local,vs random,0.9553767123287671
Hirschfeldia incana,delta_local,vs co-occurring,0.8281849315068492
Hirschfeldia incana,N,vs random,0.979708904109589
Hirschfeldia incana,N,vs co-occurring,0.9244349315068494
Dieteria canescens,delta,vs random,0.9279411764705883
Dieteria canescens,delta,vs co-occurring,0.8757352941176471
Dieteria canescens,delta_local,vs random,0.9672058823529411
Dieteria canescens,delta_local,vs co-occurring,0.8773529411764706
Dieteria canescens,N,vs random,0.9722794117647059
Dieteria canescens,N,vs co-occurring,0.8766176470588235
Prunus americana,delta,vs random,0.7842473235743936
Prunus americana,delta,vs co-occurring,0.6827717391304348
Prunus americana,delta_local,vs random,0.8637389847789674
Prunus americana,delta_local,vs co-occurring,0.7119927536231885
Prunus americana,N,vs random,0.9123334061612409
Prunus americana,N,vs co-occurring,0.832427536231884
Astragalus whitneyi,delta,vs random,0.943125
Astragalus whitneyi,delta,vs co-occurring,0.845
Astragalus whitneyi,delta_local,vs random,0.9862500000000001
Astragalus whitneyi,delta_local,vs co-occurring,0.8224999999999999
Astragalus whitneyi,N,vs random,0.99875
Astragalus whitneyi,N,vs co-occurring,0.9840625000000001
Camissoniopsis bistorta,delta,vs random,0.8144444444444444
Camissoniopsis bistorta,delta,vs co-occurring,0.6941666666666667
Camissoniopsis bistorta,delta_local,vs random,0.8902777777777777
Camissoniopsis bistorta,delta_local,vs co-occurring,0.5800000000000001
Camissoniopsis bistorta,N,vs random,0.9199999999999999
Camissoniopsis bistorta,N,vs co-occurring,0.7477777777777778
Vaccinium macrocarpon,delta,vs random,0.814921875
Vaccinium macrocarpon,delta,vs co-occurring,0.7129296875
Vaccinium macrocarpon,delta_local,vs random,0.8931250000000001
Vaccinium macrocarpon,delta_local,vs co-occurring,0.7220312499999999
Vaccinium macrocarpon,N,vs random,0.9496875
Vaccinium macrocarpon,N,vs co-occurring,0.8305078124999999
Cerastium velutinum,delta,vs random,0.72625
Cerastium velutinum,delta,vs co-occurring,0.43562500000000004
Cerastium velutinum,delta_local,vs random,0.9581249999999999
Cerastium velutinum,delta_local,vs co-occurring,0.730625
Cerastium velutinum,N,vs random,0.955625
Cerastium velutinum,N,vs co-occurring,0.7384375
Berberis aquifolium,delta,vs random,0.83213589529379
Berberis aquifolium,delta,vs co-occurring,0.7336111111111111
Berberis aquifolium,delta_local,vs random,0.9141743247006404
Berberis aquifolium,delta_local,vs co-occurring,0.7793888888888889
Berberis aquifolium,N,vs random,0.9704260651629071
Berberis aquifolium,N,vs co-occurring,0.9429722222222221
Eremogone congesta,delta,vs random,0.9625
Eremogone congesta,delta,vs co-occurring,0.9081250000000001
Eremogone congesta,delta_local,vs random,0.996875
Eremogone congesta,delta_local,vs co-occurring,0.946875
Eremogone congesta,N,vs random,0.9978125
Eremogone congesta,N,vs co-occurring,0.974375
Linum bienne,delta,vs random,0.9400000000000001
Linum bienne,delta,vs co-occurring,0.83125
Linum bienne,delta_local,vs random,0.9925
Linum bienne,delta_local,vs co-occurring,0.88625
Linum bienne,N,vs random,0.995
Linum bienne,N,vs co-occurring,0.97625
Geobalanus oblongifolius,delta,vs random,0.8456435205661212
Geobalanus oblongifolius,delta,vs co-occurring,0.7129411764705883
Geobalanus oblongifolius,delta_local,vs random,0.9472209936606222
Geobalanus oblongifolius,delta_local,vs co-occurring,0.705735294117647
Geobalanus oblongifolius,N,vs random,0.9928497714875424
Geobalanus oblongifolius,N,vs co-occurring,0.9428676470588235
Jeffersonia diphylla,delta,vs random,0.843
Jeffersonia diphylla,delta,vs co-occurring,0.7405
Jeffersonia diphylla,delta_local,vs random,0.9279999999999999
Jeffersonia diphylla,delta_local,vs co-occurring,0.758
Jeffersonia diphylla,N,vs random,0.95775
Jeffersonia diphylla,N,vs co-occurring,0.84375
Orthocarpus cuspidatus,delta,vs random,0.9525
Orthocarpus cuspidatus,delta,vs co-occurring,0.8866666666666667
Orthocarpus cuspidatus,delta_local,vs random,0.985
Orthocarpus cuspidatus,delta_local,vs co-occurring,0.8591666666666666
Orthocarpus cuspidatus,N,vs random,0.9979166666666666
Orthocarpus cuspidatus,N,vs co-occurring,0.9633333333333333
Centromadia pungens,delta,vs random,0.9469828417196839
Centromadia pungens,delta,vs co-occurring,0.8909615384615385
Centromadia pungens,delta_local,vs random,0.9838056680161943
Centromadia pungens,delta_local,vs co-occurring,0.8809615384615385
Centromadia pungens,N,vs random,0.9932523616734142
Centromadia pungens,N,vs co-occurring,0.9374999999999999
Mertensia longiflora,delta,vs random,0.7433333333333334
Mertensia longiflora,delta,vs co-occurring,0.5179166666666666
Mertensia longiflora,delta_local,vs random,0.7356250000000001
Mertensia longiflora,delta_local,vs co-occurring,0.4395833333333333
Mertensia longiflora,N,vs random,0.7297916666666667
Mertensia longiflora,N,vs co-occurring,0.41874999999999996
Hesperocallis undulata,delta,vs random,0.9974999999999999
Hesperocallis undulata,delta,vs co-occurring,0.98875
Hesperocallis undulata,delta_local,vs random,0.9875
Hesperocallis undulata,delta_local,vs co-occurring,0.9562499999999999
Hesperocallis undulata,N,vs random,1.0
Hesperocallis undulata,N,vs co-occurring,0.995
Ligustrum lucidum,delta,vs random,0.8908333333333334
Ligustrum lucidum,delta,vs co-occurring,0.835
Ligustrum lucidum,delta_local,vs random,0.9208333333333333
Ligustrum lucidum,delta_local,vs co-occurring,0.8825
Ligustrum lucidum,N,vs random,0.9958333333333332
Ligustrum lucidum,N,vs co-occurring,0.9975
Eremalche exilis,delta,vs random,0.935
Eremalche exilis,delta,vs co-occurring,0.7937500000000001
Eremalche exilis,delta_local,vs random,0.99
Eremalche exilis,delta_local,vs co-occurring,0.85625
Eremalche exilis,N,vs random,1.0
Eremalche exilis,N,vs co-occurring,0.9924999999999999
Cylindropuntia echinocarpa,delta,vs random,0.9362500000000001
Cylindropuntia echinocarpa,delta,vs co-occurring,0.8520833333333334
Cylindropuntia echinocarpa,delta_local,vs random,0.99
Cylindropuntia echinocarpa,delta_local,vs co-occurring,0.915
Cylindropuntia echinocarpa,N,vs random,0.9983333333333332
Cylindropuntia echinocarpa,N,vs co-occurring,0.989375
Asclepias speciosa,delta,vs random,0.9178669565479965
Asclepias speciosa,delta,vs co-occurring,0.8398795180722892
Asclepias speciosa,delta_local,vs random,0.9445903916417551
Asclepias speciosa,delta_local,vs co-occurring,0.8587650602409639
Asclepias speciosa,N,vs random,0.9791043874747108
Asclepias speciosa,N,vs co-occurring,0.9366716867469879
Clarkia cylindrica,delta,vs random,0.8624999999999999
Clarkia cylindrica,delta,vs co-occurring,0.7308333333333332
Clarkia cylindrica,delta_local,vs random,0.9558333333333333
Clarkia cylindrica,delta_local,vs co-occurring,0.6916666666666665
Clarkia cylindrica,N,vs random,0.9920833333333333
Clarkia cylindrica,N,vs co-occurring,0.9141666666666667
Hamamelis virginiana,delta,vs random,0.9490625
Hamamelis virginiana,delta,vs co-occurring,0.9168750000000001
Hamamelis virginiana,delta_local,vs random,0.9596875
Hamamelis virginiana,delta_local,vs co-occurring,0.928125
Hamamelis virginiana,N,vs random,0.981875
Hamamelis virginiana,N,vs co-occurring,0.9514843749999999
Geranium viscosissimum,delta,vs random,0.7290787945473439
Geranium viscosissimum,delta,vs co-occurring,0.5567987804878048
Geranium viscosissimum,delta_local,vs random,0.8430527538358091
Geranium viscosissimum,delta_local,vs co-occurring,0.4870426829268293
Geranium viscosissimum,N,vs random,0.8570206002811909
Geranium viscosissimum,N,vs co-occurring,0.5675609756097562
Rhodotypos scandens,delta,vs random,0.86375
Rhodotypos scandens,delta,vs co-occurring,0.7875
Rhodotypos scandens,delta_local,vs random,0.901875
Rhodotypos scandens,delta_local,vs co-occurring,0.776875
Rhodotypos scandens,N,vs random,0.9807812499999999
Rhodotypos scandens,N,vs co-occurring,0.95
Chylismia cardiophylla,delta,vs random,0.9700000000000001
Chylismia cardiophylla,delta,vs co-occurring,0.9075000000000001
Chylismia cardiophylla,delta_local,vs random,0.9933333333333334
Chylismia cardiophylla,delta_local,vs co-occurring,0.9475
Chylismia cardiophylla,N,vs random,1.0
Chylismia cardiophylla,N,vs co-occurring,0.9820833333333333
Hypericum tetrapetalum,delta,vs random,0.8655
Hypericum tetrapetalum,delta,vs co-occurring,0.7090000000000001
Hypericum tetrapetalum,delta_local,vs random,0.9590000000000001
Hypericum tetrapetalum,delta_local,vs co-occurring,0.7610000000000001
Hypericum tetrapetalum,N,vs random,0.98475
Hypericum tetrapetalum,N,vs co-occurring,0.9325
Platanthera grandiflora,delta,vs random,0.9133333333333333
Platanthera grandiflora,delta,vs co-occurring,0.7875
Platanthera grandiflora,delta_local,vs random,0.9483333333333335
Platanthera grandiflora,delta_local,vs co-occurring,0.79125
Platanthera grandiflora,N,vs random,0.9754166666666667
Platanthera grandiflora,N,vs co-occurring,0.9179166666666667
Cordylanthus rigidus,delta,vs random,0.86975
Cordylanthus rigidus,delta,vs co-occurring,0.8225
Cordylanthus rigidus,delta_local,vs random,0.96675
Cordylanthus rigidus,delta_local,vs co-occurring,0.80375
Cordylanthus rigidus,N,vs random,0.98425
Cordylanthus rigidus,N,vs co-occurring,0.9099999999999999
Wahlenbergia marginata,delta,vs random,0.8775
Wahlenbergia marginata,delta,vs co-occurring,0.76875
Wahlenbergia marginata,delta_local,vs random,0.98125
Wahlenbergia marginata,delta_local,vs co-occurring,0.965
Wahlenbergia marginata,N,vs random,0.953125
Wahlenbergia marginata,N,vs co-occurring,0.915625
Erigeron divergens,delta,vs random,0.6532738095238095
Erigeron divergens,delta,vs co-occurring,0.530625
Erigeron divergens,delta_local,vs random,0.6111372180451128
Erigeron divergens,delta_local,vs co-occurring,0.29125
Erigeron divergens,N,vs random,0.6054981203007519
Erigeron divergens,N,vs co-occurring,0.2609375
Trichostema parishii,delta,vs random,0.89875
Trichostema parishii,delta,vs co-occurring,0.7475
Trichostema parishii,delta_local,vs random,0.9743750000000001
Trichostema parishii,delta_local,vs co-occurring,0.825625
Trichostema parishii,N,vs random,0.9975
Trichostema parishii,N,vs co-occurring,0.9875
Callicarpa americana,delta,vs random,0.8817525125628141
Callicarpa americana,delta,vs co-occurring,0.79296875
Callicarpa americana,delta_local,vs random,0.9214824120603016
Callicarpa americana,delta_local,vs co-occurring,0.79953125
Callicarpa americana,N,vs random,0.9660018844221105
Callicarpa americana,N,vs co-occurring,0.913203125
Anisocoma acaulis,delta,vs random,0.765
Anisocoma acaulis,delta,vs co-occurring,0.57875
Anisocoma acaulis,delta_local,vs random,0.9125
Anisocoma acaulis,delta_local,vs co-occurring,0.47375
Anisocoma acaulis,N,vs random,0.9693749999999999
Anisocoma acaulis,N,vs co-occurring,0.8300000000000001
Oenothera suffulta,delta,vs random,0.8574999999999999
Oenothera suffulta,delta,vs co-occurring,0.6858333333333333
Oenothera suffulta,delta_local,vs random,0.9775
Oenothera suffulta,delta_local,vs co-occurring,0.9075
Oenothera suffulta,N,vs random,0.9970833333333333
Oenothera suffulta,N,vs co-occurring,0.98375
Vinca minor,delta,vs random,0.86066517645465
Vinca minor,delta,vs co-occurring,0.7939864864864865
Vinca minor,delta_local,vs random,0.8893856262277315
Vinca minor,delta_local,vs co-occurring,0.8090540540540541
Vinca minor,N,vs random,0.9555984555984556
Vinca minor,N,vs co-occurring,0.92625
Salix gooddingii,delta,vs random,0.95
Salix gooddingii,delta,vs co-occurring,0.9059999999999999
Salix gooddingii,delta_local,vs random,0.9775
Salix gooddingii,delta_local,vs co-occurring,0.8905
Salix gooddingii,N,vs random,0.9817499999999999
Salix gooddingii,N,vs co-occurring,0.9365
Turnera ulmifolia,delta,vs random,0.895952380952381
Turnera ulmifolia,delta,vs co-occurring,0.7929761904761904
Turnera ulmifolia,delta_local,vs random,0.963452380952381
Turnera ulmifolia,delta_local,vs co-occurring,0.836547619047619
Turnera ulmifolia,N,vs random,0.9920833333333334
Turnera ulmifolia,N,vs co-occurring,0.9655357142857143
Chiococca alba,delta,vs random,0.8268749999999999
Chiococca alba,delta,vs co-occurring,0.59375
Chiococca alba,delta_local,vs random,0.8475
Chiococca alba,delta_local,vs co-occurring,0.6556250000000001
Chiococca alba,N,vs random,0.8528125
Chiococca alba,N,vs co-occurring,0.7165625
Hypochaeris glabra,delta,vs random,0.8570833333333333
Hypochaeris glabra,delta,vs co-occurring,0.7604166666666667
Hypochaeris glabra,delta_local,vs random,0.9383333333333334
Hypochaeris glabra,delta_local,vs co-occurring,0.8070833333333334
Hypochaeris glabra,N,vs random,0.9466666666666667
Hypochaeris glabra,N,vs co-occurring,0.8406250000000001
Vaccinium corymbosum,delta,vs random,0.7384953015882592
Vaccinium corymbosum,delta,vs co-occurring,0.6150224550898203
Vaccinium corymbosum,delta_local,vs random,0.7976440066969336
Vaccinium corymbosum,delta_local,vs co-occurring,0.5876047904191617
Vaccinium corymbosum,N,vs random,0.8045294800826558
Vaccinium corymbosum,N,vs co-occurring,0.5945134730538921
Rhizophora mangle,delta,vs random,0.9225000000000001
Rhizophora mangle,delta,vs co-occurring,0.72625
Rhizophora mangle,delta_local,vs random,0.99
Rhizophora mangle,delta_local,vs co-occurring,0.9500000000000001
Rhizophora mangle,N,vs random,0.995625
Rhizophora mangle,N,vs co-occurring,0.9624999999999999
Stenanthium gramineum,delta,vs random,0.64
Stenanthium gramineum,delta,vs co-occurring,0.37517857142857136
Stenanthium gramineum,delta_local,vs random,0.6582142857142858
Stenanthium gramineum,delta_local,vs co-occurring,0.26982142857142855
Stenanthium gramineum,N,vs random,0.6716964285714286
Stenanthium gramineum,N,vs co-occurring,0.35294642857142855
Dichanthelium clandestinum,delta,vs random,0.9540000000000001
Dichanthelium clandestinum,delta,vs co-occurring,0.884
Dichanthelium clandestinum,delta_local,vs random,0.961
Dichanthelium clandestinum,delta_local,vs co-occurring,0.8625
Dichanthelium clandestinum,N,vs random,0.976
Dichanthelium clandestinum,N,vs co-occurring,0.94125
Lycium barbarum,delta,vs random,0.887
Lycium barbarum,delta,vs co-occurring,0.739
Lycium barbarum,delta_local,vs random,0.9395
Lycium barbarum,delta_local,vs co-occurring,0.784
Lycium barbarum,N,vs random,0.9665
Lycium barbarum,N,vs co-occurring,0.8822500000000001
Cynoglossum officinale,delta,vs random,0.7223863636363637
Cynoglossum officinale,delta,vs co-occurring,0.5545833333333333
Cynoglossum officinale,delta_local,vs random,0.7687121212121213
Cynoglossum officinale,delta_local,vs co-occurring,0.5214393939393939
Cynoglossum officinale,N,vs random,0.8064772727272728
Cynoglossum officinale,N,vs co-occurring,0.6236742424242423
Asclepias incarnata,delta,vs random,0.8751727450038714
Asclepias incarnata,delta,vs co-occurring,0.8500924124513619
Asclepias incarnata,delta_local,vs random,0.8937458957747306
Asclepias incarnata,delta_local,vs co-occurring,0.8406322957198443
Asclepias incarnata,N,vs random,0.9405659175332504
Asclepias incarnata,N,vs co-occurring,0.8892217898832687
Petasites frigidus,delta,vs random,0.8961363636363636
Petasites frigidus,delta,vs co-occurring,0.8445454545454546
Petasites frigidus,delta_local,vs random,0.9368181818181819
Petasites frigidus,delta_local,vs co-occurring,0.8713636363636363
Petasites frigidus,N,vs random,0.9881818181818183
Petasites frigidus,N,vs co-occurring,0.9698863636363635
Comarum palustre,delta,vs random,0.7625
Comarum palustre,delta,vs co-occurring,0.5237499999999999
Comarum palustre,delta_local,vs random,0.901875
Comarum palustre,delta_local,vs co-occurring,0.6737500000000001
Comarum palustre,N,vs random,0.97
Comarum palustre,N,vs co-occurring,0.9128125
Dudleya edulis,delta,vs random,0.9465329991645782
Dudleya edulis,delta,vs co-occurring,0.8425000000000001
Dudleya edulis,delta_local,vs random,0.9899749373433584
Dudleya edulis,delta_local,vs co-occurring,0.8704166666666666
Dudleya edulis,N,vs random,0.9864243943191312
Dudleya edulis,N,vs co-occurring,0.8460416666666667
Boltonia diffusa,delta,vs random,0.8957393483709273
Boltonia diffusa,delta,vs co-occurring,0.751
Boltonia diffusa,delta_local,vs random,0.8804511278195488
Boltonia diffusa,delta_local,vs co-occurring,0.7565
Boltonia diffusa,N,vs random,0.8604010025062656
Boltonia diffusa,N,vs co-occurring,0.64025
Oenothera speciosa,delta,vs random,0.8785947920649081
Oenothera speciosa,delta,vs co-occurring,0.8234745762711864
Oenothera speciosa,delta_local,vs random,0.8884074593262818
Oenothera speciosa,delta_local,vs co-occurring,0.8212288135593221
Oenothera speciosa,N,vs random,0.936557495433499
Oenothera speciosa,N,vs co-occurring,0.9154449152542373
Eryngium aristulatum,delta,vs random,0.99125
Eryngium aristulatum,delta,vs co-occurring,0.9674999999999999
Eryngium aristulatum,delta_local,vs random,0.9975
Eryngium aristulatum,delta_local,vs co-occurring,0.9662499999999999
Eryngium aristulatum,N,vs random,0.99875
Eryngium aristulatum,N,vs co-occurring,0.9825
Commelina diffusa,delta,vs random,0.8208333333333334
Commelina diffusa,delta,vs co-occurring,0.615
Commelina diffusa,delta_local,vs random,0.9833333333333334
Commelina diffusa,delta_local,vs co-occurring,0.9475
Commelina diffusa,N,vs random,0.9924999999999999
Commelina diffusa,N,vs co-occurring,0.9808333333333333
Liatris quadriflora,delta,vs random,0.9464285714285714
Liatris quadriflora,delta,vs co-occurring,0.8410714285714286
Liatris quadriflora,delta_local,vs random,0.9721428571428571
Liatris quadriflora,delta_local,vs co-occurring,0.7910714285714285
Liatris quadriflora,N,vs random,0.9932142857142856
Liatris quadriflora,N,vs co-occurring,0.9658928571428572
Dicentra eximia,delta,vs random,0.8775000000000001
Dicentra eximia,delta,vs co-occurring,0.7831250000000001
Dicentra eximia,delta_local,vs random,0.9129166666666667
Dicentra eximia,delta_local,vs co-occurring,0.8045833333333333
Dicentra eximia,N,vs random,0.97875
Dicentra eximia,N,vs co-occurring,0.938125
Corydalis aurea,delta,vs random,0.7659999999999999
Corydalis aurea,delta,vs co-occurring,0.676
Corydalis aurea,delta_local,vs random,0.8455
Corydalis aurea,delta_local,vs co-occurring,0.744
Corydalis aurea,N,vs random,0.93625
Corydalis aurea,N,vs co-occurring,0.88575
Diospyros virginiana,delta,vs random,0.7909546593757119
Diospyros virginiana,delta,vs co-occurring,0.7069318181818182
Diospyros virginiana,delta_local,vs random,0.8185805422647527
Diospyros virginiana,delta_local,vs co-occurring,0.6803409090909092
Diospyros virginiana,N,vs random,0.8519024834814308
Diospyros virginiana,N,vs co-occurring,0.7480681818181819
Pedicularis racemosa,delta,vs random,0.8968750000000001
Pedicularis racemosa,delta,vs co-occurring,0.7959375000000001
Pedicularis racemosa,delta_local,vs random,0.9753125
Pedicularis racemosa,delta_local,vs co-occurring,0.8184374999999999
Pedicularis racemosa,N,vs random,0.9993750000000001
Pedicularis racemosa,N,vs co-occurring,0.98296875
Quercus wislizeni,delta,vs random,0.9340016708437762
Quercus wislizeni,delta,vs co-occurring,0.8991666666666667
Quercus wislizeni,delta_local,vs random,0.9766081871345029
Quercus wislizeni,delta_local,vs co-occurring,0.9249999999999999
Quercus wislizeni,N,vs random,0.9979114452798664
Quercus wislizeni,N,vs co-occurring,0.99625
Sonchus asper,delta,vs random,0.9327717391304348
Sonchus asper,delta,vs co-occurring,0.8853260869565218
Sonchus asper,delta_local,vs random,0.9414130434782609
Sonchus asper,delta_local,vs co-occurring,0.8961413043478261
Sonchus asper,N,vs random,0.9602717391304347
Sonchus asper,N,vs co-occurring,0.9129619565217392
Salvia lyrata,delta,vs random,0.8880154932786513
Salvia lyrata,delta,vs co-occurring,0.7581818181818182
Salvia lyrata,delta_local,vs random,0.8916609706083389
Salvia lyrata,delta_local,vs co-occurring,0.7568181818181818
Salvia lyrata,N,vs random,0.9578491683754842
Salvia lyrata,N,vs co-occurring,0.9263068181818181
Trillium ovatum,delta,vs random,0.9353383458646616
Trillium ovatum,delta,vs co-occurring,0.9065
Trillium ovatum,delta_local,vs random,0.9609022556390977
Trillium ovatum,delta_local,vs co-occurring,0.8304999999999999
Trillium ovatum,N,vs random,0.9892230576441102
Trillium ovatum,N,vs co-occurring,0.9540000000000001
Fragaria chiloensis,delta,vs random,0.8598419124734914
Fragaria chiloensis,delta,vs co-occurring,0.7338461538461538
Fragaria chiloensis,delta_local,vs random,0.9593213803740119
Fragaria chiloensis,delta_local,vs co-occurring,0.7325
Fragaria chiloensis,N,vs random,0.9735878156930788
Fragaria chiloensis,N,vs co-occurring,0.8311538461538461
Salvia carduacea,delta,vs random,0.8403125
Salvia carduacea,delta,vs co-occurring,0.639375
Salvia carduacea,delta_local,vs random,0.971875
Salvia carduacea,delta_local,vs co-occurring,0.6746875
Salvia carduacea,N,vs random,0.9946875
Salvia carduacea,N,vs co-occurring,0.94546875
Senna marilandica,delta,vs random,0.6134375
Senna marilandica,delta,vs co-occurring,0.49875
Senna marilandica,delta_local,vs random,0.6783125
Senna marilandica,delta_local,vs co-occurring,0.41549999999999987
Senna marilandica,N,vs random,0.7132500000000002
Senna marilandica,N,vs co-occurring,0.4554375
Liriodendron tulipifera,delta,vs random,0.821379625399726
Liriodendron tulipifera,delta,vs co-occurring,0.7569886363636363
Liriodendron tulipifera,delta_local,vs random,0.8896756509821837
Liriodendron tulipifera,delta_local,vs co-occurring,0.7848295454545454
Liriodendron tulipifera,N,vs random,0.9297053449063499
Liriodendron tulipifera,N,vs co-occurring,0.8709090909090909
Chimaphila umbellata,delta,vs random,0.9252777777777778
Chimaphila umbellata,delta,vs co-occurring,0.8519444444444444
Chimaphila umbellata,delta_local,vs random,0.9538888888888888
Chimaphila umbellata,delta_local,vs co-occurring,0.8975
Chimaphila umbellata,N,vs random,0.9908333333333335
Chimaphila umbellata,N,vs co-occurring,0.9919444444444445
Helianthus mollis,delta,vs random,0.7142708333333333
Helianthus mollis,delta,vs co-occurring,0.5703125
Helianthus mollis,delta_local,vs random,0.7754166666666666
Helianthus mollis,delta_local,vs co-occurring,0.53
Helianthus mollis,N,vs random,0.7898958333333332
Helianthus mollis,N,vs co-occurring,0.5443229166666667
Lupinus pusillus,delta,vs random,0.761
Lupinus pusillus,delta,vs co-occurring,0.558
Lupinus pusillus,delta_local,vs random,0.956
Lupinus pusillus,delta_local,vs co-occurring,0.5820000000000001
Lupinus pusillus,N,vs random,0.98
Lupinus pusillus,N,vs co-occurring,0.78075
Thermopsis montana,delta,vs random,0.8434999999999999
Thermopsis montana,delta,vs co-occurring,0.7428333333333333
Thermopsis montana,delta_local,vs random,0.9651666666666667
Thermopsis montana,delta_local,vs co-occurring,0.7831666666666666
Thermopsis montana,N,vs random,0.9855833333333334
Thermopsis montana,N,vs co-occurring,0.9228333333333334
Tragopogon dubius,delta,vs random,0.8294545888530851
Tragopogon dubius,delta,vs co-occurring,0.7848809523809525
Tragopogon dubius,delta_local,vs random,0.851891633846521
Tragopogon dubius,delta_local,vs co-occurring,0.7969047619047618
Tragopogon dubius,N,vs random,0.8663324979114453
Tragopogon dubius,N,vs co-occurring,0.8079761904761904
Portulaca pilosa,delta,vs random,0.8433583959899749
Portulaca pilosa,delta,vs co-occurring,0.7230000000000001
Portulaca pilosa,delta_local,vs random,0.943609022556391
Portulaca pilosa,delta_local,vs co-occurring,0.8425
Portulaca pilosa,N,vs random,0.9570175438596491
Portulaca pilosa,N,vs co-occurring,0.87675
Hibiscus laevis,delta,vs random,0.6521759259259259
Hibiscus laevis,delta,vs co-occurring,0.5339814814814815
Hibiscus laevis,delta_local,vs random,0.7797222222222222
Hibiscus laevis,delta_local,vs co-occurring,0.5056481481481482
Hibiscus laevis,N,vs random,0.8317129629629629
Hibiscus laevis,N,vs co-occurring,0.6447222222222222
Diapensia lapponica,delta,vs random,0.7671875
Diapensia lapponica,delta,vs co-occurring,0.4659375
Diapensia lapponica,delta_local,vs random,0.945
Diapensia lapponica,delta_local,vs co-occurring,0.5325
Diapensia lapponica,N,vs random,0.9770312499999999
Diapensia lapponica,N,vs co-occurring,0.826875
Sairocarpus coulterianus,delta,vs random,0.9575
Sairocarpus coulterianus,delta,vs co-occurring,0.9241666666666666
Sairocarpus coulterianus,delta_local,vs random,0.9891666666666666
Sairocarpus coulterianus,delta_local,vs co-occurring,0.965
Sairocarpus coulterianus,N,vs random,0.99875
Sairocarpus coulterianus,N,vs co-occurring,0.9925
Vernonia arkansana,delta,vs random,0.9346875000000001
Vernonia arkansana,delta,vs co-occurring,0.76671875
Vernonia arkansana,delta_local,vs random,0.97421875
Vernonia arkansana,delta_local,vs co-occurring,0.75953125
Vernonia arkansana,N,vs random,0.9825
Vernonia arkansana,N,vs co-occurring,0.84625
Liatris ligulistylis,delta,vs random,0.9341623288991711
Liatris ligulistylis,delta,vs co-occurring,0.8122115384615385
Liatris ligulistylis,delta_local,vs random,0.9259687680740313
Liatris ligulistylis,delta_local,vs co-occurring,0.73875
Liatris ligulistylis,N,vs random,0.9474166184692501
Liatris ligulistylis,N,vs co-occurring,0.8467788461538461
Fallugia paradoxa,delta,vs random,0.9042857142857142
Fallugia paradoxa,delta,vs co-occurring,0.8274107142857143
Fallugia paradoxa,delta_local,vs random,0.9748214285714286
Fallugia paradoxa,delta_local,vs co-occurring,0.9015178571428573
Fallugia paradoxa,N,vs random,0.9922321428571428
Fallugia paradoxa,N,vs co-occurring,0.9747321428571428
Centaurea cyanus,delta,vs random,0.8622786474382678
Centaurea cyanus,delta,vs co-occurring,0.8348360655737705
Centaurea cyanus,delta_local,vs random,0.8959694317761617
Centaurea cyanus,delta_local,vs co-occurring,0.8706147540983606
Centaurea cyanus,N,vs random,0.9509223879370557
Centaurea cyanus,N,vs co-occurring,0.9439549180327869
Astragalus douglasii,delta,vs random,0.8816271447850396
Astragalus douglasii,delta,vs co-occurring,0.7773076923076924
Astragalus douglasii,delta_local,vs random,0.9313668787352998
Astragalus douglasii,delta_local,vs co-occurring,0.6834615384615385
Astragalus douglasii,N,vs random,0.9509350298823984
Astragalus douglasii,N,vs co-occurring,0.8730769230769231
Cardamine diphylla,delta,vs random,0.8342857142857143
Cardamine diphylla,delta,vs co-occurring,0.7282142857142857
Cardamine diphylla,delta_local,vs random,0.9285714285714286
Cardamine diphylla,delta_local,vs co-occurring,0.8
Cardamine diphylla,N,vs random,0.8960714285714286
Cardamine diphylla,N,vs co-occurring,0.7060714285714286
Calochortus superbus,delta,vs random,0.95875
Calochortus superbus,delta,vs co-occurring,0.9225
Calochortus superbus,delta_local,vs random,0.9837499999999999
Calochortus superbus,delta_local,vs co-occurring,0.86875
Calochortus superbus,N,vs random,0.9949999999999999
Calochortus superbus,N,vs co-occurring,0.939375
Symphyotrichum adnatum,delta,vs random,0.835
Symphyotrichum adnatum,delta,vs co-occurring,0.4925
Symphyotrichum adnatum,delta_local,vs random,0.99375
Symphyotrichum adnatum,delta_local,vs co-occurring,0.91625
Symphyotrichum adnatum,N,vs random,0.98
Symphyotrichum adnatum,N,vs co-occurring,0.8875000000000001
Atriplex canescens,delta,vs random,0.8045112781954887
Atriplex canescens,delta,vs co-occurring,0.734375
Atriplex canescens,delta_local,vs random,0.9486215538847118
Atriplex canescens,delta_local,vs co-occurring,0.8804166666666666
Atriplex canescens,N,vs random,0.9933166248955723
Atriplex canescens,N,vs co-occurring,0.9846874999999999
Nabalus racemosus,delta,vs random,0.9635
Nabalus racemosus,delta,vs co-occurring,0.8805000000000001
Nabalus racemosus,delta_local,vs random,0.975
Nabalus racemosus,delta_local,vs co-occurring,0.859
Nabalus racemosus,N,vs random,0.99725
Nabalus racemosus,N,vs co-occurring,0.9822500000000001
Galanthus nivalis,delta,vs random,0.8065909090909091
Galanthus nivalis,delta,vs co-occurring,0.7597727272727273
Galanthus nivalis,delta_local,vs random,0.889090909090909
Galanthus nivalis,delta_local,vs co-occurring,0.7913636363636364
Galanthus nivalis,N,vs random,0.9445454545454546
Galanthus nivalis,N,vs co-occurring,0.8620454545454546
Vitis rotundifolia,delta,vs random,0.91125
Vitis rotundifolia,delta,vs co-occurring,0.8306250000000001
Vitis rotundifolia,delta_local,vs random,0.90875
Vitis rotundifolia,delta_local,vs co-occurring,0.77125
Vitis rotundifolia,N,vs random,0.9974999999999999
Vitis rotundifolia,N,vs co-occurring,1.0
Arctostaphylos hookeri,delta,vs random,0.9833333333333334
Arctostaphylos hookeri,delta,vs co-occurring,0.8591666666666667
Arctostaphylos hookeri,delta_local,vs random,1.0
Arctostaphylos hookeri,delta_local,vs co-occurring,0.8108333333333333
Arctostaphylos hookeri,N,vs random,0.9974999999999999
Arctostaphylos hookeri,N,vs co-occurring,0.80125
Holocarpha virgata,delta,vs random,0.9287500000000001
Holocarpha virgata,delta,vs co-occurring,0.89
Holocarpha virgata,delta_local,vs random,0.995
Holocarpha virgata,delta_local,vs co-occurring,0.9675
Holocarpha virgata,N,vs random,1.0
Holocarpha virgata,N,vs co-occurring,0.9725
Quercus phellos,delta,vs random,0.8448082843548839
Quercus phellos,delta,vs co-occurring,0.683888888888889
Quercus phellos,delta_local,vs random,0.8939266722642037
Quercus phellos,delta_local,vs co-occurring,0.6545833333333333
Quercus phellos,N,vs random,0.9797089280716484
Quercus phellos,N,vs co-occurring,0.9428472222222223
Euphorbia oblongata,delta,vs random,0.9255555555555556
Euphorbia oblongata,delta,vs co-occurring,0.8130555555555555
Euphorbia oblongata,delta_local,vs random,0.8486111111111111
Euphorbia oblongata,delta_local,vs co-occurring,0.6441666666666667
Euphorbia oblongata,N,vs random,0.8561111111111112
Euphorbia oblongata,N,vs co-occurring,0.6973611111111111
Bidens aristosa,delta,vs random,0.8415806959258612
Bidens aristosa,delta,vs co-occurring,0.7387790697674418
Bidens aristosa,delta_local,vs random,0.8858191991606924
Bidens aristosa,delta_local,vs co-occurring,0.7511046511627907
Bidens aristosa,N,vs random,0.9019642128577257
Bidens aristosa,N,vs co-occurring,0.7830523255813953
Salix commutata,delta,vs random,0.805
Salix commutata,delta,vs co-occurring,0.5862499999999999
Salix commutata,delta_local,vs random,0.985
Salix commutata,delta_local,vs co-occurring,0.57375
Salix commutata,N,vs random,0.9924999999999999
Salix commutata,N,vs co-occurring,0.918125
Teucrium cubense,delta,vs random,0.9775
Teucrium cubense,delta,vs co-occurring,0.9208333333333333
Teucrium cubense,delta_local,vs random,0.9933333333333333
Teucrium cubense,delta_local,vs co-occurring,0.9216666666666667
Teucrium cubense,N,vs random,0.9924999999999999
Teucrium cubense,N,vs co-occurring,0.9658333333333333
Collinsia verna,delta,vs random,0.6355999999999999
Collinsia verna,delta,vs co-occurring,0.45865
Collinsia verna,delta_local,vs random,0.6904
Collinsia verna,delta_local,vs co-occurring,0.3713
Collinsia verna,N,vs random,0.71175
Collinsia verna,N,vs co-occurring,0.43965
Viola lobata,delta,vs random,0.78375
Viola lobata,delta,vs co-occurring,0.5687500000000001
Viola lobata,delta_local,vs random,0.98125
Viola lobata,delta_local,vs co-occurring,0.87375
Viola lobata,N,vs random,0.99125
Viola lobata,N,vs co-occurring,0.95625
Menyanthes trifoliata,delta,vs random,0.7932142857142858
Menyanthes trifoliata,delta,vs co-occurring,0.6496428571428572
Menyanthes trifoliata,delta_local,vs random,0.8596428571428572
Menyanthes trifoliata,delta_local,vs co-occurring,0.6442857142857144
Menyanthes trifoliata,N,vs random,0.9319642857142857
Menyanthes trifoliata,N,vs co-occurring,0.8267857142857142
Salvia coccinea,delta,vs random,0.9131944444444444
Salvia coccinea,delta,vs co-occurring,0.8506018518518518
Salvia coccinea,delta_local,vs random,0.9697685185185184
Salvia coccinea,delta_local,vs co-occurring,0.9234722222222221
Salvia coccinea,N,vs random,0.9738425925925925
Salvia coccinea,N,vs co-occurring,0.9304398148148149
Pseudognaphalium californicum,delta,vs random,0.8754166666666666
Pseudognaphalium californicum,delta,vs co-occurring,0.8033333333333332
Pseudognaphalium californicum,delta_local,vs random,0.9641666666666668
Pseudognaphalium californicum,delta_local,vs co-occurring,0.8291666666666666
Pseudognaphalium californicum,N,vs random,0.9923958333333333
Pseudognaphalium californicum,N,vs co-occurring,0.9620833333333333
Rudbeckia hirta,delta,vs random,0.8782692174635024
Rudbeckia hirta,delta,vs co-occurring,0.8353187919463088
Rudbeckia hirta,delta_local,vs random,0.8659231647408842
Rudbeckia hirta,delta_local,vs co-occurring,0.8081543624161074
Rudbeckia hirta,N,vs random,0.9306242648585069
Rudbeckia hirta,N,vs co-occurring,0.8928691275167785
Hamelia patens,delta,vs random,0.897987012987013
Hamelia patens,delta,vs co-occurring,0.7610064935064935
Hamelia patens,delta_local,vs random,0.9821103896103897
Hamelia patens,delta_local,vs co-occurring,0.8705194805194805
Hamelia patens,N,vs random,0.9911201298701299
Hamelia patens,N,vs co-occurring,0.9357792207792208
Balsamorhiza hookeri,delta,vs random,0.8095
Balsamorhiza hookeri,delta,vs co-occurring,0.5935
Balsamorhiza hookeri,delta_local,vs random,0.97
Balsamorhiza hookeri,delta_local,vs co-occurring,0.557
Balsamorhiza hookeri,N,vs random,0.9967499999999999
Balsamorhiza hookeri,N,vs co-occurring,0.981
Ulmus rubra,delta,vs random,0.52
Ulmus rubra,delta,vs co-occurring,0.3414583333333333
Ulmus rubra,delta_local,vs random,0.7137500000000001
Ulmus rubra,delta_local,vs co-occurring,0.3183333333333333
Ulmus rubra,N,vs random,0.7956250000000001
Ulmus rubra,N,vs co-occurring,0.5570833333333334
Ehretia anacua,delta,vs random,0.9458333333333333
Ehretia anacua,delta,vs co-occurring,0.7999999999999998
Ehretia anacua,delta_local,vs random,0.9866666666666666
Ehretia anacua,delta_local,vs co-occurring,0.8891666666666667
Ehretia anacua,N,vs random,0.9983333333333333
Ehretia anacua,N,vs co-occurring,0.9979166666666667
Stanleya pinnata,delta,vs random,0.8944444444444444
Stanleya pinnata,delta,vs co-occurring,0.8168055555555556
Stanleya pinnata,delta_local,vs random,0.9658333333333333
Stanleya pinnata,delta_local,vs co-occurring,0.8327777777777778
Stanleya pinnata,N,vs random,0.9827083333333333
Stanleya pinnata,N,vs co-occurring,0.9282638888888889
Salvia leucophylla,delta,vs random,0.947857448499297
Salvia leucophylla,delta,vs co-occurring,0.8540853658536586
Salvia leucophylla,delta_local,vs random,0.9853291766000366
Salvia leucophylla,delta_local,vs co-occurring,0.8355487804878049
Salvia leucophylla,N,vs random,0.9948346475945962
Salvia leucophylla,N,vs co-occurring,0.9403963414634146
Mertensia virginica,delta,vs random,0.7736141304347827
Mertensia virginica,delta,vs co-occurring,0.6845380434782609
Mertensia virginica,delta_local,vs random,0.8656521739130434
Mertensia virginica,delta_local,vs co-occurring,0.7001630434782609
Mertensia virginica,N,vs random,0.9225271739130435
Mertensia virginica,N,vs co-occurring,0.8268206521739131
Quercus stellata,delta,vs random,0.8066666666666666
Quercus stellata,delta,vs co-occurring,0.6711111111111111
Quercus stellata,delta_local,vs random,0.8844444444444444
Quercus stellata,delta_local,vs co-occurring,0.6625
Quercus stellata,N,vs random,0.9733333333333333
Quercus stellata,N,vs co-occurring,0.8995833333333333
Lotus corniculatus,delta,vs random,0.8605926724137931
Lotus corniculatus,delta,vs co-occurring,0.8519504310344828
Lotus corniculatus,delta_local,vs random,0.8535775862068966
Lotus corniculatus,delta_local,vs co-occurring,0.8310129310344828
Lotus corniculatus,N,vs random,0.9285883620689657
Lotus corniculatus,N,vs co-occurring,0.9022413793103449
Lomatium dasycarpum,delta,vs random,0.9514583333333333
Lomatium dasycarpum,delta,vs co-occurring,0.8966666666666667
Lomatium dasycarpum,delta_local,vs random,0.9793749999999999
Lomatium dasycarpum,delta_local,vs co-occurring,0.900625
Lomatium dasycarpum,N,vs random,0.9915624999999999
Lomatium dasycarpum,N,vs co-occurring,0.9453125
Primula hendersonii,delta,vs random,0.8896875000000001
Primula hendersonii,delta,vs co-occurring,0.8103125000000001
Primula hendersonii,delta_local,vs random,0.9565625
Primula hendersonii,delta_local,vs co-occurring,0.804375
Primula hendersonii,N,vs random,0.9971875
Primula hendersonii,N,vs co-occurring,0.978125
Quercus virginiana,delta,vs random,0.9241666666666667
Quercus virginiana,delta,vs co-occurring,0.7975000000000001
Quercus virginiana,delta_local,vs random,0.955
Quercus virginiana,delta_local,vs co-occurring,0.8816666666666666
Quercus virginiana,N,vs random,0.9870833333333333
Quercus virginiana,N,vs co-occurring,0.9275
Mirabilis laevis,delta,vs random,0.8676470588235294
Mirabilis laevis,delta,vs co-occurring,0.8098529411764706
Mirabilis laevis,delta_local,vs random,0.9502941176470588
Mirabilis laevis,delta_local,vs co-occurring,0.7867647058823529
Mirabilis laevis,N,vs random,0.9758088235294118
Mirabilis laevis,N,vs co-occurring,0.8777941176470588
Paspalum notatum,delta,vs random,0.9304511278195489
Paspalum notatum,delta,vs co-occurring,0.82
Paspalum notatum,delta_local,vs random,0.9718045112781956
Paspalum notatum,delta_local,vs co-occurring,0.8587499999999999
Paspalum notatum,N,vs random,0.9943609022556392
Paspalum notatum,N,vs co-occurring,0.9803125
Cirsium undulatum,delta,vs random,0.8990816326530612
Cirsium undulatum,delta,vs co-occurring,0.8295918367346937
Cirsium undulatum,delta_local,vs random,0.891530612244898
Cirsium undulatum,delta_local,vs co-occurring,0.7914285714285714
Cirsium undulatum,N,vs random,0.8976785714285715
Cirsium undulatum,N,vs co-occurring,0.8013520408163265
Helminthotheca echioides,delta,vs random,0.8829545454545454
Helminthotheca echioides,delta,vs co-occurring,0.8075
Helminthotheca echioides,delta_local,vs random,0.9608181818181817
Helminthotheca echioides,delta_local,vs co-occurring,0.8360000000000001
Helminthotheca echioides,N,vs random,0.9712045454545454
Helminthotheca echioides,N,vs co-occurring,0.9205454545454546
Crataegus crus-galli,delta,vs random,0.5784197335443872
Crataegus crus-galli,delta,vs co-occurring,0.3975
Crataegus crus-galli,delta_local,vs random,0.6813744888537132
Crataegus crus-galli,delta_local,vs co-occurring,0.3910526315789474
Crataegus crus-galli,N,vs random,0.7404695950402322
Crataegus crus-galli,N,vs co-occurring,0.5208552631578947
Platanthera ciliaris,delta,vs random,0.9345833333333333
Platanthera ciliaris,delta,vs co-occurring,0.89
Platanthera ciliaris,delta_local,vs random,0.9366666666666668
Platanthera ciliaris,delta_local,vs co-occurring,0.8887499999999999
Platanthera ciliaris,N,vs random,0.99
Platanthera ciliaris,N,vs co-occurring,0.9672916666666667
Viburnum acerifolium,delta,vs random,0.8209998680912808
Viburnum acerifolium,delta,vs co-occurring,0.7986842105263158
Viburnum acerifolium,delta_local,vs random,0.8459306160137186
Viburnum acerifolium,delta_local,vs co-occurring,0.7575
Viburnum acerifolium,N,vs random,0.9174910961614563
Viburnum acerifolium,N,vs co-occurring,0.863421052631579
Yucca campestris,delta,vs random,0.8021428571428572
Yucca campestris,delta,vs co-occurring,0.5328571428571429
Yucca campestris,delta_local,vs random,0.9878571428571428
Yucca campestris,delta_local,vs co-occurring,0.7321428571428572
Yucca campestris,N,vs random,0.9923214285714286
Yucca campestris,N,vs co-occurring,0.8592857142857143
Erodium cicutarium,delta,vs random,0.8958876783796225
Erodium cicutarium,delta,vs co-occurring,0.873061224489796
Erodium cicutarium,delta_local,vs random,0.9198506470257276
Erodium cicutarium,delta_local,vs co-occurring,0.8891836734693878
Erodium cicutarium,N,vs random,0.9506419108996983
Erodium cicutarium,N,vs co-occurring,0.9310459183673468
Physocarpus intermedius,delta,vs random,0.8784461152882206
Physocarpus intermedius,delta,vs co-occurring,0.65125
Physocarpus intermedius,delta_local,vs random,0.9489348370927319
Physocarpus intermedius,delta_local,vs co-occurring,0.6653125
Physocarpus intermedius,N,vs random,0.9597431077694236
Physocarpus intermedius,N,vs co-occurring,0.80578125
Sedum divergens,delta,vs random,0.9266666666666665
Sedum divergens,delta,vs co-occurring,0.815
Sedum divergens,delta_local,vs random,0.9841666666666666
Sedum divergens,delta_local,vs co-occurring,0.8083333333333333
Sedum divergens,N,vs random,0.9991666666666666
Sedum divergens,N,vs co-occurring,0.97375
Aesculus californica,delta,vs random,0.8925000000000001
Aesculus californica,delta,vs co-occurring,0.8133695652173913
Aesculus californica,delta_local,vs random,0.9533695652173912
Aesculus californica,delta_local,vs co-occurring,0.8147826086956521
Aesculus californica,N,vs random,0.9684239130434782
Aesculus californica,N,vs co-occurring,0.9314402173913043
Eriogonum gracile,delta,vs random,0.925
Eriogonum gracile,delta,vs co-occurring,0.8781249999999999
Eriogonum gracile,delta_local,vs random,0.9775
Eriogonum gracile,delta_local,vs co-occurring,0.833125
Eriogonum gracile,N,vs random,0.9909375
Eriogonum gracile,N,vs co-occurring,0.95
Ericameria parishii,delta,vs random,0.90125
Ericameria parishii,delta,vs co-occurring,0.83075
Ericameria parishii,delta_local,vs random,0.985
Ericameria parishii,delta_local,vs co-occurring,0.8712500000000001
Ericameria parishii,N,vs random,0.994875
Ericameria parishii,N,vs co-occurring,0.968
Opuntia cymochila,delta,vs random,0.8524999999999999
Opuntia cymochila,delta,vs co-occurring,0.6575
Opuntia cymochila,delta_local,vs random,0.6975
Opuntia cymochila,delta_local,vs co-occurring,0.4925
Opuntia cymochila,N,vs random,0.6937500000000001
Opuntia cymochila,N,vs co-occurring,0.476875
Adelinia grandis,delta,vs random,0.9668749999999999
Adelinia grandis,delta,vs co-occurring,0.9165625
Adelinia grandis,delta_local,vs random,0.9912500000000001
Adelinia grandis,delta_local,vs co-occurring,0.9303125000000001
Adelinia grandis,N,vs random,0.9984375000000001
Adelinia grandis,N,vs co-occurring,0.97640625
Euphorbia cyparissias,delta,vs random,0.8547884863674339
Euphorbia cyparissias,delta,vs co-occurring,0.7237878787878788
Euphorbia cyparissias,delta_local,vs random,0.8885850991114149
Euphorbia cyparissias,delta_local,vs co-occurring,0.7166666666666668
Euphorbia cyparissias,N,vs random,0.9750512645249487
Euphorbia cyparissias,N,vs co-occurring,0.9346969696969697
Comptonia peregrina,delta,vs random,0.8815000000000001
Comptonia peregrina,delta,vs co-occurring,0.76
Comptonia peregrina,delta_local,vs random,0.9465
Comptonia peregrina,delta_local,vs co-occurring,0.8165
Comptonia peregrina,N,vs random,0.93675
Comptonia peregrina,N,vs co-occurring,0.805
Pycnanthemum tenuifolium,delta,vs random,0.9099604535925291
Pycnanthemum tenuifolium,delta,vs co-occurring,0.8231485849056603
Pycnanthemum tenuifolium,delta_local,vs random,0.9314012769201447
Pycnanthemum tenuifolium,delta_local,vs co-occurring,0.8163325471698113
Pycnanthemum tenuifolium,N,vs random,0.9513174194777968
Pycnanthemum tenuifolium,N,vs co-occurring,0.8720047169811321
Lobelia inflata,delta,vs random,0.7168367346938775
Lobelia inflata,delta,vs co-occurring,0.6708482142857143
Lobelia inflata,delta_local,vs random,0.7940386680988184
Lobelia inflata,delta_local,vs co-occurring,0.6414285714285715
Lobelia inflata,N,vs random,0.7965449337629789
Lobelia inflata,N,vs co-occurring,0.6424107142857143
Ipomoea purpurea,delta,vs random,0.7559459459459461
Ipomoea purpurea,delta,vs co-occurring,0.6515878378378379
Ipomoea purpurea,delta_local,vs random,0.7762162162162162
Ipomoea purpurea,delta_local,vs co-occurring,0.6331756756756758
Ipomoea purpurea,N,vs random,0.8374662162162162
Ipomoea purpurea,N,vs co-occurring,0.750777027027027
Camassia scilloides,delta,vs random,0.7014843749999999
Camassia scilloides,delta,vs co-occurring,0.5726171875
Camassia scilloides,delta_local,vs random,0.7694531250000001
Camassia scilloides,delta_local,vs co-occurring,0.54046875
Camassia scilloides,N,vs random,0.8463671875000001
Camassia scilloides,N,vs co-occurring,0.7184765625
Justicia californica,delta,vs random,0.9262500000000001
Justicia californica,delta,vs co-occurring,0.8491666666666666
Justicia californica,delta_local,vs random,0.9839583333333333
Justicia californica,delta_local,vs co-occurring,0.8685416666666668
Justicia californica,N,vs random,0.9947916666666666
Justicia californica,N,vs co-occurring,0.9646354166666667
Senecio vulgaris,delta,vs random,0.8890625
Senecio vulgaris,delta,vs co-occurring,0.816875
Senecio vulgaris,delta_local,vs random,0.916875
Senecio vulgaris,delta_local,vs co-occurring,0.8378125
Senecio vulgaris,N,vs random,0.95171875
Senecio vulgaris,N,vs co-occurring,0.9365625
Hibiscus syriacus,delta,vs random,0.880204081632653
Hibiscus syriacus,delta,vs co-occurring,0.8343877551020408
Hibiscus syriacus,delta_local,vs random,0.8929081632653062
Hibiscus syriacus,delta_local,vs co-occurring,0.8246428571428571
Hibiscus syriacus,N,vs random,0.951173469387755
Hibiscus syriacus,N,vs co-occurring,0.9328061224489796
Sedum stenopetalum,delta,vs random,0.83575
Sedum stenopetalum,delta,vs co-occurring,0.6915
Sedum stenopetalum,delta_local,vs random,0.91675
Sedum stenopetalum,delta_local,vs co-occurring,0.6545
Sedum stenopetalum,N,vs random,0.93625
Sedum stenopetalum,N,vs co-occurring,0.8108750000000001
Spiraea lucida,delta,vs random,0.9775
Spiraea lucida,delta,vs co-occurring,0.9083333333333332
Spiraea lucida,delta_local,vs random,0.985
Spiraea lucida,delta_local,vs co-occurring,0.9358333333333334
Spiraea lucida,N,vs random,0.9974999999999999
Spiraea lucida,N,vs co-occurring,0.9724999999999999
Chaenactis glabriuscula,delta,vs random,0.8771428571428572
Chaenactis glabriuscula,delta,vs co-occurring,0.8361904761904762
Chaenactis glabriuscula,delta_local,vs random,0.9462202380952383
Chaenactis glabriuscula,delta_local,vs co-occurring,0.8093452380952382
Chaenactis glabriuscula,N,vs random,0.9715178571428572
Chaenactis glabriuscula,N,vs co-occurring,0.8898511904761904
Romulea rosea,delta,vs random,0.975
Romulea rosea,delta,vs co-occurring,0.9225
Romulea rosea,delta_local,vs random,0.99375
Romulea rosea,delta_local,vs co-occurring,0.9112499999999999
Romulea rosea,N,vs random,0.9968750000000001
Romulea rosea,N,vs co-occurring,0.965625
Delphinium variegatum,delta,vs random,0.87
Delphinium variegatum,delta,vs co-occurring,0.7374999999999999
Delphinium variegatum,delta_local,vs random,0.9758333333333333
Delphinium variegatum,delta_local,vs co-occurring,0.7699999999999999
Delphinium variegatum,N,vs random,1.0
Delphinium variegatum,N,vs co-occurring,0.9937499999999999
Gutierrezia microcephala,delta,vs random,0.8325
Gutierrezia microcephala,delta,vs co-occurring,0.7308333333333333
Gutierrezia microcephala,delta_local,vs random,0.9683333333333333
Gutierrezia microcephala,delta_local,vs co-occurring,0.8291666666666666
Gutierrezia microcephala,N,vs random,0.9433333333333334
Gutierrezia microcephala,N,vs co-occurring,0.7366666666666666
Fouquieria splendens,delta,vs random,0.9261538461538461
Fouquieria splendens,delta,vs co-occurring,0.8882692307692307
Fouquieria splendens,delta_local,vs random,0.9290384615384617
Fouquieria splendens,delta_local,vs co-occurring,0.8360576923076922
Fouquieria splendens,N,vs random,0.9400961538461539
Fouquieria splendens,N,vs co-occurring,0.8898076923076923
Helianthus giganteus,delta,vs random,0.9409000000000001
Helianthus giganteus,delta,vs co-occurring,0.8553999999999999
Helianthus giganteus,delta_local,vs random,0.9589
Helianthus giganteus,delta_local,vs co-occurring,0.8433
Helianthus giganteus,N,vs random,0.9665499999999999
Helianthus giganteus,N,vs co-occurring,0.85475
Oxalis californica,delta,vs random,0.96
Oxalis californica,delta,vs co-occurring,0.875
Oxalis californica,delta_local,vs random,0.9925
Oxalis californica,delta_local,vs co-occurring,0.8974999999999999
Oxalis californica,N,vs random,0.9912500000000001
Oxalis californica,N,vs co-occurring,0.9425
Arnoglossum plantagineum,delta,vs random,0.7437499999999999
Arnoglossum plantagineum,delta,vs co-occurring,0.44625
Arnoglossum plantagineum,delta_local,vs random,0.8375
Arnoglossum plantagineum,delta_local,vs co-occurring,0.40750000000000003
Arnoglossum plantagineum,N,vs random,0.990625
Arnoglossum plantagineum,N,vs co-occurring,0.99625
Ligustrum japonicum,delta,vs random,0.8665277777777778
Ligustrum japonicum,delta,vs co-occurring,0.7165277777777777
Ligustrum japonicum,delta_local,vs random,0.8555555555555556
Ligustrum japonicum,delta_local,vs co-occurring,0.6731944444444444
Ligustrum japonicum,N,vs random,0.9777777777777777
Ligustrum japonicum,N,vs co-occurring,0.9550000000000001
Physostegia purpurea,delta,vs random,0.814375
Physostegia purpurea,delta,vs co-occurring,0.579375
Physostegia purpurea,delta_local,vs random,0.941875
Physostegia purpurea,delta_local,vs co-occurring,0.570625
Physostegia purpurea,N,vs random,0.9868750000000001
Physostegia purpurea,N,vs co-occurring,0.8784375
Keckiella rothrockii,delta,vs random,0.9249999999999999
Keckiella rothrockii,delta,vs co-occurring,0.7224999999999999
Keckiella rothrockii,delta_local,vs random,0.8283333333333333
Keckiella rothrockii,delta_local,vs co-occurring,0.57375
Keckiella rothrockii,N,vs random,0.8291666666666666
Keckiella rothrockii,N,vs co-occurring,0.6508333333333333
Cirsium remotifolium,delta,vs random,0.9691666666666667
Cirsium remotifolium,delta,vs co-occurring,0.9216666666666667
Cirsium remotifolium,delta_local,vs random,0.9950000000000001
Cirsium remotifolium,delta_local,vs co-occurring,0.9500000000000001
Cirsium remotifolium,N,vs random,0.9987499999999999
Cirsium remotifolium,N,vs co-occurring,0.9766666666666667
Tiedemannia filiformis,delta,vs random,0.9325
Tiedemannia filiformis,delta,vs co-occurring,0.76025
Tiedemannia filiformis,delta_local,vs random,0.9804999999999999
Tiedemannia filiformis,delta_local,vs co-occurring,0.7530000000000001
Tiedemannia filiformis,N,vs random,0.994
Tiedemannia filiformis,N,vs co-occurring,0.9392499999999999
Salix exigua,delta,vs random,0.9316666666666668
Salix exigua,delta,vs co-occurring,0.8825
Salix exigua,delta_local,vs random,0.9733333333333334
Salix exigua,delta_local,vs co-occurring,0.9441666666666666
Salix exigua,N,vs random,0.9991666666666666
Salix exigua,N,vs co-occurring,0.99375
Aralia racemosa,delta,vs random,0.8955357142857143
Aralia racemosa,delta,vs co-occurring,0.7798214285714284
Aralia racemosa,delta_local,vs random,0.9248214285714286
Aralia racemosa,delta_local,vs co-occurring,0.7544642857142858
Aralia racemosa,N,vs random,0.9591071428571428
Aralia racemosa,N,vs co-occurring,0.8653571428571429
Lysimachia clethroides,delta,vs random,0.9236372180451128
Lysimachia clethroides,delta,vs co-occurring,0.8627604166666667
Lysimachia clethroides,delta_local,vs random,0.9354767126148706
Lysimachia clethroides,delta_local,vs co-occurring,0.849609375
Lysimachia clethroides,N,vs random,0.9678362573099416
Lysimachia clethroides,N,vs co-occurring,0.9384765625
Spergularia rubra,delta,vs random,0.9217857142857143
Spergularia rubra,delta,vs co-occurring,0.8621428571428572
Spergularia rubra,delta_local,vs random,0.9542857142857144
Spergularia rubra,delta_local,vs co-occurring,0.9010714285714285
Spergularia rubra,N,vs random,0.966607142857143
Spergularia rubra,N,vs co-occurring,0.9189285714285714
Solanum umbelliferum,delta,vs random,0.8861111111111112
Solanum umbelliferum,delta,vs co-occurring,0.8152777777777778
Solanum umbelliferum,delta_local,vs random,0.9577777777777778
Solanum umbelliferum,delta_local,vs co-occurring,0.7847222222222222
Solanum umbelliferum,N,vs random,0.9861111111111112
Solanum umbelliferum,N,vs co-occurring,0.9322222222222222
Rosa blanda,delta,vs random,0.9051250000000001
Rosa blanda,delta,vs co-occurring,0.7404999999999999
Rosa blanda,delta_local,vs random,0.954625
Rosa blanda,delta_local,vs co-occurring,0.782375
Rosa blanda,N,vs random,0.9763124999999999
Rosa blanda,N,vs co-occurring,0.8646875
Penstemon eatonii,delta,vs random,0.9275
Penstemon eatonii,delta,vs co-occurring,0.8791666666666667
Penstemon eatonii,delta_local,vs random,0.9925
Penstemon eatonii,delta_local,vs co-occurring,0.9266666666666666
Penstemon eatonii,N,vs random,0.98125
Penstemon eatonii,N,vs co-occurring,0.85375
Ribes americanum,delta,vs random,0.86875
Ribes americanum,delta,vs co-occurring,0.75875
Ribes americanum,delta_local,vs random,0.92
Ribes americanum,delta_local,vs co-occurring,0.7275
Ribes americanum,N,vs random,0.9950000000000001
Ribes americanum,N,vs co-occurring,0.968125
Brickellia desertorum,delta,vs random,0.8274999999999999
Brickellia desertorum,delta,vs co-occurring,0.6900000000000001
Brickellia desertorum,delta_local,vs random,0.9825
Brickellia desertorum,delta_local,vs co-occurring,0.8112499999999999
Brickellia desertorum,N,vs random,0.99875
Brickellia desertorum,N,vs co-occurring,0.98
Eurybia schreberi,delta,vs random,0.8075
Eurybia schreberi,delta,vs co-occurring,0.58125
Eurybia schreberi,delta_local,vs random,0.8925
Eurybia schreberi,delta_local,vs co-occurring,0.655
Eurybia schreberi,N,vs random,0.9899999999999999
Eurybia schreberi,N,vs co-occurring,0.9281250000000001
Perideridia gairdneri,delta,vs random,0.9335839598997494
Perideridia gairdneri,delta,vs co-occurring,0.8634374999999999
Perideridia gairdneri,delta_local,vs random,0.9855889724310777
Perideridia gairdneri,delta_local,vs co-occurring,0.8887499999999999
Perideridia gairdneri,N,vs random,0.9929511278195489
Perideridia gairdneri,N,vs co-occurring,0.95140625
Berberis trifoliolata,delta,vs random,0.9663444325098461
Berberis trifoliolata,delta,vs co-occurring,0.9107142857142858
Berberis trifoliolata,delta_local,vs random,0.9813820264948084
Berberis trifoliolata,delta_local,vs co-occurring,0.9314285714285714
Berberis trifoliolata,N,vs random,0.9897959183673469
Berberis trifoliolata,N,vs co-occurring,0.9767857142857143
Frasera albicaulis,delta,vs random,0.8953125
Frasera albicaulis,delta,vs co-occurring,0.780625
Frasera albicaulis,delta_local,vs random,0.9875
Frasera albicaulis,delta_local,vs co-occurring,0.8165625000000001
Frasera albicaulis,N,vs random,0.9968750000000001
Frasera albicaulis,N,vs co-occurring,0.94515625
Jacobaea vulgaris,delta,vs random,0.8592212237911854
Jacobaea vulgaris,delta,vs co-occurring,0.7076219512195122
Jacobaea vulgaris,delta_local,vs random,0.956293171954276
Jacobaea vulgaris,delta_local,vs co-occurring,0.671829268292683
Jacobaea vulgaris,N,vs random,0.9765572467754753
Jacobaea vulgaris,N,vs co-occurring,0.8429573170731708
Iris savannarum,delta,vs random,0.8312499999999999
Iris savannarum,delta,vs co-occurring,0.619375
Iris savannarum,delta_local,vs random,0.949375
Iris savannarum,delta_local,vs co-occurring,0.685
Iris savannarum,N,vs random,0.965
Iris savannarum,N,vs co-occurring,0.7459375
Hexasepalum teres,delta,vs random,0.9355263157894737
Hexasepalum teres,delta,vs co-occurring,0.8810526315789473
Hexasepalum teres,delta_local,vs random,0.9340131578947368
Hexasepalum teres,delta_local,vs co-occurring,0.8990789473684211
Hexasepalum teres,N,vs random,0.9442105263157894
Hexasepalum teres,N,vs co-occurring,0.8992105263157895
Trifolium arvense,delta,vs random,0.9313461538461539
Trifolium arvense,delta,vs co-occurring,0.8955769230769232
Trifolium arvense,delta_local,vs random,0.936923076923077
Trifolium arvense,delta_local,vs co-occurring,0.8994230769230769
Trifolium arvense,N,vs random,0.9596153846153846
Trifolium arvense,N,vs co-occurring,0.946923076923077
Callirhoe leiocarpa,delta,vs random,0.7491666666666666
Callirhoe leiocarpa,delta,vs co-occurring,0.5241666666666667
Callirhoe leiocarpa,delta_local,vs random,0.925
Callirhoe leiocarpa,delta_local,vs co-occurring,0.6975
Callirhoe leiocarpa,N,vs random,0.9970833333333333
Callirhoe leiocarpa,N,vs co-occurring,0.995
Viburnum rafinesqueanum,delta,vs random,0.8956818181818181
Viburnum rafinesqueanum,delta,vs co-occurring,0.765
Viburnum rafinesqueanum,delta_local,vs random,0.9513636363636364
Viburnum rafinesqueanum,delta_local,vs co-occurring,0.8111363636363635
Viburnum rafinesqueanum,N,vs random,0.956931818181818
Viburnum rafinesqueanum,N,vs co-occurring,0.8230681818181818
Achyronychia cooperi,delta,vs random,0.979375
Achyronychia cooperi,delta,vs co-occurring,0.9025
Achyronychia cooperi,delta_local,vs random,0.996875
Achyronychia cooperi,delta_local,vs co-occurring,0.8687499999999999
Achyronychia cooperi,N,vs random,0.9999999999999999
Achyronychia cooperi,N,vs co-occurring,0.9959375
Polygonatum biflorum,delta,vs random,0.610625
Polygonatum biflorum,delta,vs co-occurring,0.5147727272727273
Polygonatum biflorum,delta_local,vs random,0.7001136363636363
Polygonatum biflorum,delta_local,vs co-occurring,0.4781818181818182
Polygonatum biflorum,N,vs random,0.7578977272727272
Polygonatum biflorum,N,vs co-occurring,0.5471022727272727
Amelanchier laevis,delta,vs random,0.6579166666666667
Amelanchier laevis,delta,vs co-occurring,0.4766666666666667
Amelanchier laevis,delta_local,vs random,0.5266666666666666
Amelanchier laevis,delta_local,vs co-occurring,0.195
Amelanchier laevis,N,vs random,0.5512499999999999
Amelanchier laevis,N,vs co-occurring,0.26999999999999996
Sonchus arvensis,delta,vs random,0.9128521126760564
Sonchus arvensis,delta,vs co-occurring,0.812887323943662
Sonchus arvensis,delta_local,vs random,0.9232746478873239
Sonchus arvensis,delta_local,vs co-occurring,0.7884507042253521
Sonchus arvensis,N,vs random,0.9369542253521127
Sonchus arvensis,N,vs co-occurring,0.8407746478873239
Lupinus albifrons,delta,vs random,0.8663888888888889
Lupinus albifrons,delta,vs co-occurring,0.7913888888888888
Lupinus albifrons,delta_local,vs random,0.9309722222222222
Lupinus albifrons,delta_local,vs co-occurring,0.7266666666666666
Lupinus albifrons,N,vs random,0.9501388888888889
Lupinus albifrons,N,vs co-occurring,0.8716666666666666
Solidago odora,delta,vs random,0.9477615607646568
Solidago odora,delta,vs co-occurring,0.8721568627450981
Solidago odora,delta_local,vs random,0.9448130129244681
Solidago odora,delta_local,vs co-occurring,0.848235294117647
Solidago odora,N,vs random,0.9589169000933706
Solidago odora,N,vs co-occurring,0.9004901960784314
Sanicula crassicaulis,delta,vs random,0.8238749999999999
Sanicula crassicaulis,delta,vs co-occurring,0.749625
Sanicula crassicaulis,delta_local,vs random,0.9220625
Sanicula crassicaulis,delta_local,vs co-occurring,0.761375
Sanicula crassicaulis,N,vs random,0.9106875
Sanicula crassicaulis,N,vs co-occurring,0.7227499999999999
Packera paupercula,delta,vs random,0.8902083333333334
Packera paupercula,delta,vs co-occurring,0.7520833333333333
Packera paupercula,delta_local,vs random,0.93875
Packera paupercula,delta_local,vs co-occurring,0.8022916666666666
Packera paupercula,N,vs random,0.961875
Packera paupercula,N,vs co-occurring,0.8848958333333333
Ligustrum vulgare,delta,vs random,0.8603326498063341
Ligustrum vulgare,delta,vs co-occurring,0.8059090909090909
Ligustrum vulgare,delta_local,vs random,0.8441558441558441
Ligustrum vulgare,delta_local,vs co-occurring,0.7361363636363637
Ligustrum vulgare,N,vs random,0.9921394395078607
Ligustrum vulgare,N,vs co-occurring,0.9909090909090909
Medicago lupulina,delta,vs random,0.8545918367346939
Medicago lupulina,delta,vs co-occurring,0.8096173469387754
Medicago lupulina,delta_local,vs random,0.8594132653061225
Medicago lupulina,delta_local,vs co-occurring,0.8124234693877551
Medicago lupulina,N,vs random,0.8660969387755102
Medicago lupulina,N,vs co-occurring,0.8272193877551021
Arctostaphylos manzanita,delta,vs random,0.9383928571428571
Arctostaphylos manzanita,delta,vs co-occurring,0.8564285714285714
Arctostaphylos manzanita,delta_local,vs random,0.9828571428571429
Arctostaphylos manzanita,delta_local,vs co-occurring,0.8226785714285714
Arctostaphylos manzanita,N,vs random,0.9965178571428572
Arctostaphylos manzanita,N,vs co-occurring,0.9749107142857143
Hypericum galioides,delta,vs random,0.9075
Hypericum galioides,delta,vs co-occurring,0.60375
Hypericum galioides,delta_local,vs random,0.96875
Hypericum galioides,delta_local,vs co-occurring,0.47875
Hypericum galioides,N,vs random,0.9974999999999999
Hypericum galioides,N,vs co-occurring,0.95125
Rosa acicularis,delta,vs random,0.8184935897435897
Rosa acicularis,delta,vs co-occurring,0.6023717948717948
Rosa acicularis,delta_local,vs random,0.8517307692307692
Rosa acicularis,delta_local,vs co-occurring,0.5501923076923076
Rosa acicularis,N,vs random,0.8505128205128205
Rosa acicularis,N,vs co-occurring,0.5384294871794872
Platanthera integrilabia,delta,vs random,0.9958333333333333
Platanthera integrilabia,delta,vs co-occurring,0.9825
Platanthera integrilabia,delta_local,vs random,0.9991666666666668
Platanthera integrilabia,delta_local,vs co-occurring,0.9558333333333333
Platanthera integrilabia,N,vs random,0.9983333333333333
Platanthera integrilabia,N,vs co-occurring,0.9383333333333334
Hedeoma pulegioides,delta,vs random,0.5703947368421052
Hedeoma pulegioides,delta,vs co-occurring,0.3901315789473684
Hedeoma pulegioides,delta_local,vs random,0.6844736842105263
Hedeoma pulegioides,delta_local,vs co-occurring,0.31934210526315787
Hedeoma pulegioides,N,vs random,0.7064473684210526
Hedeoma pulegioides,N,vs co-occurring,0.4027631578947368
Lonicera caerulea,delta,vs random,0.8459342801448064
Lonicera caerulea,delta,vs co-occurring,0.7036805555555555
Lonicera caerulea,delta_local,vs random,0.6121553884711779
Lonicera caerulea,delta_local,vs co-occurring,0.17833333333333334
Lonicera caerulea,N,vs random,0.612538290169869
Lonicera caerulea,N,vs co-occurring,0.20451388888888888
Cydonia oblonga,delta,vs random,0.38375000000000004
Cydonia oblonga,delta,vs co-occurring,0.21625
Cydonia oblonga,delta_local,vs random,0.73125
Cydonia oblonga,delta_local,vs co-occurring,0.21125
Cydonia oblonga,N,vs random,0.8893749999999999
Cydonia oblonga,N,vs co-occurring,0.709375
Vicia benghalensis,delta,vs random,0.8538928571428571
Vicia benghalensis,delta,vs co-occurring,0.7408214285714285
Vicia benghalensis,delta_local,vs random,0.819232142857143
Vicia benghalensis,delta_local,vs co-occurring,0.5794999999999999
Vicia benghalensis,N,vs random,0.826625
Vicia benghalensis,N,vs co-occurring,0.6324642857142857
Gaillardia pinnatifida,delta,vs random,0.8738888888888889
Gaillardia pinnatifida,delta,vs co-occurring,0.7597222222222223
Gaillardia pinnatifida,delta_local,vs random,0.9819444444444445
Gaillardia pinnatifida,delta_local,vs co-occurring,0.9225
Gaillardia pinnatifida,N,vs random,0.99875
Gaillardia pinnatifida,N,vs co-occurring,0.9920833333333333
Castanea dentata,delta,vs random,0.812891604010025
Castanea dentata,delta,vs co-occurring,0.71609375
Castanea dentata,delta_local,vs random,0.8848684210526316
Castanea dentata,delta_local,vs co-occurring,0.7150000000000001
Castanea dentata,N,vs random,0.9401629072681704
Castanea dentata,N,vs co-occurring,0.862578125
Medeola virginiana,delta,vs random,0.7925
Medeola virginiana,delta,vs co-occurring,0.6174999999999999
Medeola virginiana,delta_local,vs random,0.8762500000000001
Medeola virginiana,delta_local,vs co-occurring,0.61875
Medeola virginiana,N,vs random,0.9775
Medeola virginiana,N,vs co-occurring,0.9400000000000001
Desmodium canadense,delta,vs random,0.8053362048336923
Desmodium canadense,delta,vs co-occurring,0.7120238095238095
Desmodium canadense,delta_local,vs random,0.8347391720507298
Desmodium canadense,delta_local,vs co-occurring,0.6450595238095239
Desmodium canadense,N,vs random,0.8709320411581718
Desmodium canadense,N,vs co-occurring,0.7252380952380952
Eurybia divaricata,delta,vs random,0.944250160284432
Eurybia divaricata,delta,vs co-occurring,0.8839825581395349
Eurybia divaricata,delta_local,vs random,0.9592877542693943
Eurybia divaricata,delta_local,vs co-occurring,0.8822674418604651
Eurybia divaricata,N,vs random,0.9609197412134989
Eurybia divaricata,N,vs co-occurring,0.9053052325581395
Symphyotrichum firmum,delta,vs random,0.9375712007290954
Symphyotrichum firmum,delta,vs co-occurring,0.8590909090909091
Symphyotrichum firmum,delta_local,vs random,0.9110275689223057
Symphyotrichum firmum,delta_local,vs co-occurring,0.7847727272727274
Symphyotrichum firmum,N,vs random,0.9308498519024835
Symphyotrichum firmum,N,vs co-occurring,0.8635227272727273
Conium maculatum,delta,vs random,0.8705722607052898
Conium maculatum,delta,vs co-occurring,0.8616015625
Conium maculatum,delta_local,vs random,0.8745277078085643
Conium maculatum,delta_local,vs co-occurring,0.8468749999999999
Conium maculatum,N,vs random,0.9307501574307305
Conium maculatum,N,vs co-occurring,0.9197656250000001
Allium geyeri,delta,vs random,0.9725
Allium geyeri,delta,vs co-occurring,0.93375
Allium geyeri,delta_local,vs random,0.9975
Allium geyeri,delta_local,vs co-occurring,0.97875
Allium geyeri,N,vs random,1.0
Allium geyeri,N,vs co-occurring,1.0
Lycium cooperi,delta,vs random,0.8978125
Lycium cooperi,delta,vs co-occurring,0.7903125
Lycium cooperi,delta_local,vs random,0.9834375
Lycium cooperi,delta_local,vs co-occurring,0.8259375
Lycium cooperi,N,vs random,0.9974999999999999
Lycium cooperi,N,vs co-occurring,0.96609375
Brassica tournefortii,delta,vs random,0.9305357142857144
Brassica tournefortii,delta,vs co-occurring,0.88875
Brassica tournefortii,delta_local,vs random,0.9673214285714286
Brassica tournefortii,delta_local,vs co-occurring,0.8614285714285714
Brassica tournefortii,N,vs random,0.9980357142857144
Brassica tournefortii,N,vs co-occurring,0.9777678571428571
Salix discolor,delta,vs random,0.8505457598656591
Salix discolor,delta,vs co-occurring,0.7594230769230769
Salix discolor,delta_local,vs random,0.9420654911838791
Salix discolor,delta_local,vs co-occurring,0.7964102564102564
Salix discolor,N,vs random,0.9707743977265387
Salix discolor,N,vs co-occurring,0.8932692307692308
Forestiera segregata,delta,vs random,0.9787499999999999
Forestiera segregata,delta,vs co-occurring,0.8400000000000001
Forestiera segregata,delta_local,vs random,1.0
Forestiera segregata,delta_local,vs co-occurring,0.9812500000000001
Forestiera segregata,N,vs random,0.99875
Forestiera segregata,N,vs co-occurring,0.985
Stachys stebbinsii,delta,vs random,0.9153571428571429
Stachys stebbinsii,delta,vs co-occurring,0.7889285714285713
Stachys stebbinsii,delta_local,vs random,0.9757142857142858
Stachys stebbinsii,delta_local,vs co-occurring,0.7317857142857144
Stachys stebbinsii,N,vs random,0.9941071428571429
Stachys stebbinsii,N,vs co-occurring,0.9358928571428571
